station_id,city,lat,lon,tz,unit,resolution_source
CYYZ,Toronto,43.6777,-79.6248,America/Toronto,C,wu
DNMM,Lagos,6.45407,3.39467,Africa/Lagos,C,wu
EDDM,Munich,48.13743,11.57549,Europe/Berlin,C,wu
EFHK,Helsinki,60.16952,24.93545,Europe/Helsinki,C,wu
EGLC,London,51.5053,0.0553,Europe/London,C,wu
EHAM,Amsterdam,52.37403,4.88969,Europe/Amsterdam,C,wu
EPWA,Warsaw,52.22977,21.01178,Europe/Warsaw,C,wu
FACT,Cape Town,-33.92584,18.42322,Africa/Johannesburg,C,wu
KATL,Atlanta,33.6407,-84.4277,America/New_York,F,wu
KAUS,Austin,30.1945,-97.6699,America/Chicago,F,wu
KBKF,Denver,39.7169,-104.7519,America/Denver,F,wu
KDAL,Dallas,32.8471,-96.8518,America/Chicago,F,wu
KHOU,Houston,29.6454,-95.2789,America/Chicago,F,wu
KLAX,Los Angeles,33.9425,-118.4081,America/Los_Angeles,F,wu
KLGA,New York City,40.7772,-73.8726,America/New_York,F,wu
KMIA,Miami,25.7959,-80.287,America/New_York,F,wu
KORD,Chicago,41.9742,-87.9073,America/Chicago,F,wu
KSEA,Seattle,47.4502,-122.3088,America/Los_Angeles,F,wu
KSFO,San Francisco,37.6213,-122.379,America/Los_Angeles,F,wu
LEMD,Madrid,40.4165,-3.70256,Europe/Madrid,C,wu
LFPG,Paris,49.0097,2.5478,Europe/Paris,C,wu
LIMC,Milan,45.46427,9.18951,Europe/Rome,C,wu
LTAC,Ankara,40.1281,32.9951,Europe/Istanbul,C,wu
MMMX,Mexico City,19.4363,-99.0721,America/Mexico_City,C,wu
MPMG,Panama City,8.9936,-79.51973,America/Panama,C,wu
NZWN,Wellington,-41.3272,174.8052,Pacific/Auckland,C,wu
OEJN,Jeddah,21.49012,39.18624,Asia/Riyadh,C,wu
OPKC,Karachi,24.8608,67.0104,Asia/Karachi,C,wu
RJTT,Tokyo,35.5533,139.7811,Asia/Tokyo,C,wu
RKPK,Busan,35.10168,129.03004,Asia/Seoul,C,wu
RKSI,Seoul,37.4691,126.4511,Asia/Seoul,C,wu
RPLL,Manila,14.6042,120.9822,Asia/Manila,C,wu
SAEZ,Buenos Aires,-34.61315,-58.37723,America/Argentina/Buenos_Aires,C,wu
SBGR,São Paulo,-23.4356,-46.4731,America/Sao_Paulo,C,wu
VILK,Lucknow,26.7606,80.8893,Asia/Kolkata,C,wu
WIHH,Jakarta,-6.21462,106.84513,Asia/Jakarta,C,wu
WMKK,Kuala Lumpur,3.1412,101.68653,Asia/Kuala_Lumpur,C,wu
WSSS,Singapore,1.3644,103.9915,Asia/Singapore,C,wu
ZBAA,Beijing,40.0801,116.5846,Asia/Shanghai,C,wu
ZGGG,Guangzhou,23.11667,113.25,Asia/Shanghai,C,wu
ZGSZ,Shenzhen,22.6393,113.8107,Asia/Shanghai,C,wu
ZHHH,Wuhan,30.7838,114.2081,Asia/Shanghai,C,wu
ZSPD,Shanghai,31.1443,121.8083,Asia/Shanghai,C,wu
ZSQD,Qingdao,36.06488,120.38042,Asia/Shanghai,C,wu
ZUCK,Chongqing,29.7192,106.6419,Asia/Shanghai,C,wu
ZUUU,Chengdu,30.66667,104.06667,Asia/Shanghai,C,wu
