profile,profile_description,selector_rule,step,train_chunks,test_chunk,variant,description,train_total,train_worst,train_positive,train_max_dd,test_pnl,test_dd,test_n,test_no_pnl,test_tail_pnl,final_variant,final_description,final_total_pnl,final_worst_chunk_pnl,final_max_chunk_dd,final_total_n
expanded_all,"All variants, including exploratory NO gate retunes.",current,A->B,A,B,sel_nofp70_nog09_20,"Selected L2 profile with NO fill >= 70%, NO edge [9%, 20%].",157.6491,157.6491,1,23.5354,2.6054,36.6237,125,-22.1474,24.7528,sel_taila40_fp03_cs50,"Selected L2 profile with TAIL alpha 4.0, fp_max 3%, consensus skip 50%.",435.5952,77.8109,19.4837,469
expanded_all,"All variants, including exploratory NO gate retunes.",current,A+B->C,A+B,C,sel_taila40_fp05_cs50,"Selected L2 profile with TAIL alpha 4.0, fp_max 5%, consensus skip 50%.",259.9936,127.2535,2,22.3808,67.9898,27.4022,164,55.5024,12.4874,sel_taila40_fp03_cs50,"Selected L2 profile with TAIL alpha 4.0, fp_max 3%, consensus skip 50%.",435.5952,77.8109,19.4837,469
expanded_all,"All variants, including exploratory NO gate retunes.",current,A+B+C->D,A+B+C,D,sel_taila40_fp03_cs40,"Selected L2 profile with TAIL alpha 4.0, fp_max 3%, consensus skip 40%.",411.914,116.2594,3,19.4856,52.5505,12.6195,84,40.0729,12.4775,sel_taila40_fp03_cs50,"Selected L2 profile with TAIL alpha 4.0, fp_max 3%, consensus skip 50%.",435.5952,77.8109,19.4837,469
expanded_all,"All variants, including exploratory NO gate retunes.",risk_adjusted,A->B,A,B,sel_nofp70_nog11_20,"Selected L2 profile with NO fill >= 70%, NO edge [11%, 20%].",147.7858,147.7858,1,13.5246,13.3059,29.4647,101,-11.9104,25.2163,sel_taila40_fp03_cs40,"Selected L2 profile with TAIL alpha 4.0, fp_max 3%, consensus skip 40%.",464.4645,52.5505,19.4856,440
expanded_all,"All variants, including exploratory NO gate retunes.",risk_adjusted,A+B->C,A+B,C,sel_taila40_fp03_cs40,"Selected L2 profile with TAIL alpha 4.0, fp_max 3%, consensus skip 40%.",283.72,116.2594,2,19.4856,128.194,12.4177,137,65.7925,62.4015,sel_taila40_fp03_cs40,"Selected L2 profile with TAIL alpha 4.0, fp_max 3%, consensus skip 40%.",464.4645,52.5505,19.4856,440
expanded_all,"All variants, including exploratory NO gate retunes.",risk_adjusted,A+B+C->D,A+B+C,D,sel_taila40_fp03_cs40,"Selected L2 profile with TAIL alpha 4.0, fp_max 3%, consensus skip 40%.",411.914,116.2594,3,19.4856,52.5505,12.6195,84,40.0729,12.4775,sel_taila40_fp03_cs40,"Selected L2 profile with TAIL alpha 4.0, fp_max 3%, consensus skip 40%.",464.4645,52.5505,19.4856,440
original_178,Original L2 feature set before the final expansion.,current,A->B,A,B,tailh1_p07_noe05_taile09,"TAIL h1, premium <= 7c, NO execution edge 5%, TAIL execution edge 9%.",121.3471,121.3471,1,22.666,75.339,15.7247,96,36.3443,38.9947,tailh1_p10_noe05_taile07,"TAIL h1, premium <= 10c, NO execution edge 5%, TAIL execution edge 7%.",343.3191,67.7876,22.666,479
original_178,Original L2 feature set before the final expansion.,current,A+B->C,A+B,C,tail_mid_only,Keep only interior TAIL bets.,177.5328,86.8769,2,19.4801,128.8369,22.053,159,65.5971,63.2398,tailh1_p10_noe05_taile07,"TAIL h1, premium <= 10c, NO execution edge 5%, TAIL execution edge 7%.",343.3191,67.7876,22.666,479
original_178,Original L2 feature set before the final expansion.,current,A+B+C->D,A+B+C,D,tail_mid_only,Keep only interior TAIL bets.,306.3697,86.8769,3,22.053,18.9907,14.4489,90,29.0988,-10.1082,tailh1_p10_noe05_taile07,"TAIL h1, premium <= 10c, NO execution edge 5%, TAIL execution edge 7%.",343.3191,67.7876,22.666,479
l2_exec_shape,"L2 execution/hour/shape variants, excluding final tail-param and NO-specific retunes.",current,A->B,A,B,tailh1_ref_p07_noe03_taile09,"Refined TAIL h1, premium <= 7c, NO execution edge 3%, TAIL execution edge 9%.",124.3244,124.3244,1,22.6281,75.6256,15.5922,97,36.5414,39.0841,tailh1_ref_p09_noe04_taile08,"Refined TAIL h1, premium <= 9c, NO execution edge 4%, TAIL execution edge 8%.",359.9942,71.5304,22.6424,484
l2_exec_shape,"L2 execution/hour/shape variants, excluding final tail-param and NO-specific retunes.",current,A+B->C,A+B,C,tail_mid_only,Keep only interior TAIL bets.,177.5328,86.8769,2,19.4801,128.8369,22.053,159,65.5971,63.2398,tailh1_ref_p09_noe04_taile08,"Refined TAIL h1, premium <= 9c, NO execution edge 4%, TAIL execution edge 8%.",359.9942,71.5304,22.6424,484
l2_exec_shape,"L2 execution/hour/shape variants, excluding final tail-param and NO-specific retunes.",current,A+B+C->D,A+B+C,D,tail_mid_only,Keep only interior TAIL bets.,306.3697,86.8769,3,22.053,18.9907,14.4489,90,29.0988,-10.1082,tailh1_ref_p09_noe04_taile08,"Refined TAIL h1, premium <= 9c, NO execution edge 4%, TAIL execution edge 8%.",359.9942,71.5304,22.6424,484
l2_tail_book_no_no_retune,"Tail/book-depth L2 expansion, excluding NO-side retunes that overfit chunk A.",risk_adjusted,A->B,A,B,sel_bid5c_ge1,Selected L2 profile requiring bid depth >= $1 within displayed-5c.,121.3795,121.3795,1,18.4871,71.2123,18.2186,93,37.1521,34.0601,sel_taila40_fp03_cs40,"Selected L2 profile with TAIL alpha 4.0, fp_max 3%, consensus skip 40%.",464.4645,52.5505,19.4856,440
l2_tail_book_no_no_retune,"Tail/book-depth L2 expansion, excluding NO-side retunes that overfit chunk A.",risk_adjusted,A+B->C,A+B,C,sel_taila40_fp03_cs40,"Selected L2 profile with TAIL alpha 4.0, fp_max 3%, consensus skip 40%.",283.72,116.2594,2,19.4856,128.194,12.4177,137,65.7925,62.4015,sel_taila40_fp03_cs40,"Selected L2 profile with TAIL alpha 4.0, fp_max 3%, consensus skip 40%.",464.4645,52.5505,19.4856,440
l2_tail_book_no_no_retune,"Tail/book-depth L2 expansion, excluding NO-side retunes that overfit chunk A.",risk_adjusted,A+B+C->D,A+B+C,D,sel_taila40_fp03_cs40,"Selected L2 profile with TAIL alpha 4.0, fp_max 3%, consensus skip 40%.",411.914,116.2594,3,19.4856,52.5505,12.6195,84,40.0729,12.4775,sel_taila40_fp03_cs40,"Selected L2 profile with TAIL alpha 4.0, fp_max 3%, consensus skip 40%.",464.4645,52.5505,19.4856,440
