selector,step,train_chunks,test_chunk,variant,description,no_frac,tail_frac,book_cap_frac,train_total,train_worst,train_positive,train_max_dd,train_max_open_exposure_pct,train_max_daily_notional_pct,train_max_open_target_pct,train_max_daily_target_pct,train_over100_target_dates,train_over100_target_entries,train_cap_skips,test_pnl,test_dd,test_n,test_no_pnl,test_tail_pnl,test_avg_stake,test_no_avg_stake,test_tail_avg_stake,test_fill_ratio,test_max_open_exposure_pct,test_max_daily_notional_pct,test_max_open_target_pct,test_max_daily_target_pct,test_over100_target_dates,test_over100_target_entries,test_cap_skips
risk_adjusted_dd30,A->B,A,B,no050_tail060_cap100,"NO 5.0%, TAIL 6.0%",0.05,0.06,1.0,196.1849,196.1849,1,19.4909,45.5951,45.5951,45.5951,45.5951,0,0,0,442.1018,23.6769,83,86.7971,355.3047,11.1603,10.9706,12.2826,0.9911,57.9294,57.9294,63.2271,63.2271,0,0,0
risk_adjusted_dd30,A+B->C,A+B,C,no050_tail060_cap100,"NO 5.0%, TAIL 6.0%",0.05,0.06,1.0,638.2867,196.1849,2,23.6769,57.9294,57.9294,63.2271,63.2271,0,0,0,124.8524,23.3929,132,54.6394,70.213,7.4778,7.2679,9.0001,0.9947,95.2223,95.2223,95.2223,95.2223,0,0,0
risk_adjusted_dd30,A+B+C->D,A+B+C,D,no050_tail060_cap100,"NO 5.0%, TAIL 6.0%",0.05,0.06,1.0,763.1391,124.8524,3,23.6769,95.2223,95.2223,95.2223,95.2223,0,0,0,68.074,14.4857,73,49.814,18.2599,7.9479,7.913,8.7617,1.0,69.801,69.801,69.801,69.801,0,0,0
max_pnl_dd30,A->B,A,B,no080_tail050_cap100,"NO 8.0%, TAIL 5.0%",0.08,0.05,1.0,199.9372,199.9372,1,29.8409,66.7792,66.7792,66.7792,66.7792,0,0,0,430.8542,28.3769,83,123.5673,307.2869,15.6049,16.6009,9.7119,0.9952,82.1348,82.1348,86.3479,86.3479,0,0,0
max_pnl_dd30,A+B->C,A+B,C,no060_tail080_cap100,"NO 6.0%, TAIL 8.0%",0.06,0.08,1.0,705.3877,156.7,2,28.9806,72.7042,72.7042,80.6729,80.6729,0,0,0,130.0393,30.8666,129,68.1809,61.8584,9.3768,8.9575,12.338,0.9853,96.7729,96.7729,96.7729,96.7729,0,0,3
max_pnl_dd30,A+B+C->D,A+B+C,D,no080_tail060_cap100,"NO 8.0%, TAIL 6.0%",0.08,0.06,1.0,815.0608,157.0781,3,29.9291,88.7193,88.7193,90.5806,90.5806,0,0,6,93.7648,19.9717,72,78.7745,14.9903,13.899,14.0841,9.6422,0.9955,94.7728,94.7728,94.8311,94.8311,0,0,1
exposure_adjusted_dd30,A->B,A,B,no050_tail060_cap100,"NO 5.0%, TAIL 6.0%",0.05,0.06,1.0,196.1849,196.1849,1,19.4909,45.5951,45.5951,45.5951,45.5951,0,0,0,442.1018,23.6769,83,86.7971,355.3047,11.1603,10.9706,12.2826,0.9911,57.9294,57.9294,63.2271,63.2271,0,0,0
exposure_adjusted_dd30,A+B->C,A+B,C,no050_tail060_cap100,"NO 5.0%, TAIL 6.0%",0.05,0.06,1.0,638.2867,196.1849,2,23.6769,57.9294,57.9294,63.2271,63.2271,0,0,0,124.8524,23.3929,132,54.6394,70.213,7.4778,7.2679,9.0001,0.9947,95.2223,95.2223,95.2223,95.2223,0,0,0
exposure_adjusted_dd30,A+B+C->D,A+B+C,D,no080_tail060_cap100,"NO 8.0%, TAIL 6.0%",0.08,0.06,1.0,815.0608,157.0781,3,29.9291,88.7193,88.7193,90.5806,90.5806,0,0,6,93.7648,19.9717,72,78.7745,14.9903,13.899,14.0841,9.6422,0.9955,94.7728,94.7728,94.8311,94.8311,0,0,1
