mode,target,n_gate,n_ladder,n_fill,n_noladder,n_ladder_nofill,coverage_pct,avg_fill_minus_mid,avg_stake,win_rate,win_se,cal_claim,realized,rel_gap_pp,ros_pct,pnl,staked,C_n,C_ros,C_pnl,C_relgap,F_n,F_ros,F_pnl,F_relgap
static,10.0,647,104,27,543,77,4.17,0.00545,10.0,0.8148,0.0748,0.9501,0.8148,13.53,-6.1635,-16.6414,270.0,3,-24.484,-7.3452,21.62,24,-3.8734,-9.2962,12.52
static,35.0,647,104,27,543,77,4.17,0.01364,33.668,0.8148,0.0748,0.9501,0.8148,13.53,-7.5784,-68.8906,909.04,3,-44.981,-31.0564,21.62,24,-4.5041,-37.8342,12.52
static,50.0,647,104,27,543,77,4.17,0.01481,44.154,0.8148,0.0748,0.9501,0.8148,13.53,-7.8485,-93.5665,1192.15,3,-55.096,-46.3045,21.62,24,-4.2651,-47.2619,12.52
static,70.0,647,104,27,543,77,4.17,0.01883,58.969,0.8148,0.0748,0.9501,0.8148,13.53,-8.406,-133.8362,1592.15,3,-64.0313,-66.6204,21.62,24,-4.5169,-67.2158,12.52
static,100.0,647,104,27,543,77,4.17,0.02286,76.798,0.8148,0.0748,0.9501,0.8148,13.53,-10.0119,-207.6021,2073.55,3,-72.412,-97.0635,21.62,24,-5.6993,-110.5386,12.52
wf,10.0,849,125,31,724,94,3.65,-0.01283,9.875,0.7742,0.0751,0.9423,0.7742,16.81,-11.0665,-33.879,306.14,7,-37.1677,-24.5828,31.52,24,-3.8734,-9.2962,12.52
wf,35.0,849,125,31,724,94,3.65,-0.00422,32.301,0.7742,0.0751,0.9423,0.7742,16.81,-13.5747,-135.9285,1001.33,7,-60.8021,-98.0943,31.52,24,-4.5041,-37.8342,12.52
wf,50.0,849,125,31,724,94,3.65,-0.00246,42.401,0.7742,0.0751,0.9423,0.7742,16.81,-14.5515,-191.2705,1314.44,7,-69.794,-144.0086,31.52,24,-4.2651,-47.2619,12.52
wf,70.0,849,125,31,724,94,3.65,0.00164,56.595,0.7742,0.0751,0.9423,0.7742,16.81,-15.5273,-272.4176,1754.44,7,-77.0468,-205.2017,31.52,24,-4.5169,-67.2158,12.52
wf,100.0,849,125,31,724,94,3.65,0.00619,74.059,0.7742,0.0751,0.9423,0.7742,16.81,-17.7455,-407.4077,2295.84,7,-83.3121,-296.869,31.52,24,-5.6993,-110.5386,12.52
