name,transform,min_edge,cap,units,n,bets_per_day,win_rate,win_se,cal_clm,realized,rel_gap_pp,ros_pct,pnl_10,maxdd_abs,B_n,B_pnl,B_ros,C_n,C_pnl,C_ros,D_n,D_pnl,D_ros
BASE raw9pp/F,raw,0.09,0.15,F,77,1.13,0.8571,0.0399,0.9481,0.8571,9.1,5.6804,43.739,48.5067,12,25.6026,21.3355,17,13.6946,8.0556,48,4.4418,0.9254
BASE raw9pp/both,raw,0.09,0.15,both,295,4.34,0.9017,0.0173,0.9636,0.9017,6.19,7.2291,213.2581,41.6834,44,70.0782,15.9269,28,20.7189,7.3996,223,122.461,5.4915
BASE 1d9pp/F,1d,0.09,0.15,F,71,1.04,0.8169,0.0459,0.9313,0.8169,11.44,2.5703,18.2488,57.8683,16,22.6935,14.1835,12,-5.1931,-4.3276,43,0.7484,0.174
BASE 1d9pp/both,1d,0.09,0.15,both,276,4.06,0.8696,0.0203,0.9521,0.8696,8.25,4.6626,128.6866,61.4314,47,57.6348,12.2627,19,-4.0523,-2.1328,210,75.1041,3.5764
blend 0.010/F/cap,blend,0.01,0.15,F,483,7.1,0.9482,0.0101,0.9713,0.9482,2.31,3.2597,157.4428,24.5018,69,39.3694,5.7057,72,24.1845,3.359,342,93.8889,2.7453
blend 0.015/F/cap,blend,0.015,0.15,F,391,5.75,0.9386,0.0121,0.9674,0.9386,2.88,3.7323,145.9328,25.0436,52,34.4061,6.6166,61,22.527,3.6929,278,88.9997,3.2014
blend 0.020/F/cap,blend,0.02,0.15,F,346,5.09,0.9306,0.0137,0.9646,0.9306,3.4,3.8262,132.3872,25.7455,47,33.2705,7.0788,54,20.4106,3.7797,245,78.7061,3.2125
blend 0.025/F/cap,blend,0.025,0.15,F,306,4.5,0.9248,0.0151,0.9623,0.9248,3.75,4.1238,126.1871,22.7772,39,28.9615,7.426,49,16.2796,3.3224,218,80.946,3.7131
blend 0.030/F/cap,blend,0.03,0.15,F,278,4.09,0.9245,0.0158,0.9606,0.9245,3.61,4.8405,134.5645,21.113,36,27.6784,7.6885,44,24.1745,5.4942,198,82.7115,4.1774
blend 0.040/F/cap,blend,0.04,0.15,F,224,3.29,0.9152,0.0186,0.9588,0.9152,4.36,5.1292,114.8935,27.3879,31,21.5946,6.966,36,12.6061,3.5017,157,80.6928,5.1397
blend 0.050/F/cap,blend,0.05,0.15,F,175,2.57,0.9029,0.0224,0.9558,0.9029,5.29,5.4505,95.3835,36.1323,27,28.7787,10.6588,27,15.8052,5.8538,121,50.7996,4.1983
blend 0.010/F/unc,blend,0.01,none,F,512,7.53,0.9395,0.0105,0.9719,0.9395,3.24,3.0064,153.9276,36.3976,78,36.2143,4.6429,75,20.0659,2.6755,359,97.6474,2.72
blend 0.015/F/unc,blend,0.015,none,F,420,6.18,0.9286,0.0126,0.9683,0.9286,3.97,3.3909,142.4177,36.5502,61,31.251,5.1231,64,18.4084,2.8763,295,92.7582,3.1443
blend 0.020/F/unc,blend,0.02,none,F,375,5.51,0.92,0.014,0.9659,0.92,4.59,3.4366,128.8721,37.5645,56,30.1154,5.3777,57,16.292,2.8582,262,82.4647,3.1475
blend 0.025/F/unc,blend,0.025,none,F,335,4.93,0.9134,0.0154,0.9639,0.9134,5.04,3.6619,122.672,40.4678,48,25.8064,5.3763,52,12.161,2.3387,235,84.7046,3.6045
blend 0.030/F/unc,blend,0.03,none,F,307,4.51,0.9121,0.0162,0.9624,0.9121,5.04,4.2687,131.0494,31.3591,45,24.5233,5.4496,47,20.056,4.2672,215,86.4701,4.0219
blend 0.040/F/unc,blend,0.04,none,F,253,3.72,0.9012,0.0188,0.9612,0.9012,6.0,4.4023,111.3784,33.0673,40,18.4394,4.6099,39,8.4875,2.1763,174,84.4514,4.8535
blend 0.050/F/unc,blend,0.05,none,F,204,3.0,0.8873,0.0221,0.9593,0.8873,7.2,4.5033,91.8683,28.0397,36,25.6235,7.1176,30,11.6867,3.8956,138,54.5581,3.9535
blend 0.010/C/cap,blend,0.01,0.15,C,1734,25.5,0.9233,0.0064,0.9382,0.9233,1.49,2.3632,409.7869,81.8349,204,106.1415,5.203,174,32.342,1.8587,1356,271.3033,2.0008
blend 0.015/C/cap,blend,0.015,0.15,C,1419,20.87,0.9154,0.0074,0.9313,0.9154,1.59,2.8662,406.7088,56.3359,180,102.7348,5.7075,129,31.6632,2.4545,1110,272.3108,2.4533
blend 0.020/C/cap,blend,0.02,0.15,C,1176,17.29,0.9073,0.0085,0.9259,0.9073,1.86,3.1648,372.1804,54.1856,149,97.16,6.5208,98,22.2561,2.271,929,252.7643,2.7208
blend 0.025/C/cap,blend,0.025,0.15,C,989,14.54,0.9019,0.0095,0.9218,0.9019,1.99,3.616,357.6189,51.6945,139,94.8469,6.8235,76,13.8547,1.823,774,248.9173,3.216
blend 0.030/C/cap,blend,0.03,0.15,C,850,12.5,0.9024,0.0102,0.9199,0.9024,1.75,4.3644,370.9759,42.3027,130,92.1983,7.0922,58,2.462,0.4245,662,276.3155,4.174
blend 0.040/C/cap,blend,0.04,0.15,C,625,9.19,0.9104,0.0114,0.9186,0.9104,0.82,6.5257,407.8539,34.4333,113,84.9684,7.5193,46,-0.181,-0.0393,466,323.0665,6.9328
blend 0.050/C/cap,blend,0.05,0.15,C,428,6.29,0.8995,0.0145,0.9212,0.8995,2.17,5.9957,256.6166,35.4576,98,75.8199,7.7367,26,2.9977,1.153,304,177.799,5.8487
blend 0.010/C/unc,blend,0.01,none,C,1766,25.97,0.9236,0.0063,0.939,0.9236,1.55,2.6603,469.8154,79.621,226,151.1952,6.6901,175,35.4663,2.0266,1365,283.1539,2.0744
blend 0.015/C/unc,blend,0.015,none,C,1451,21.34,0.9159,0.0073,0.9324,0.9159,1.65,3.2167,466.7373,54.122,202,147.7885,7.3163,130,34.7874,2.676,1119,284.1613,2.5394
blend 0.020/C/unc,blend,0.02,none,C,1208,17.76,0.9081,0.0083,0.9274,0.9081,1.93,3.5779,432.2089,51.671,171,142.2137,8.3166,99,25.3804,2.5637,938,264.6149,2.8211
blend 0.025/C/unc,blend,0.025,none,C,1021,15.01,0.903,0.0093,0.9238,0.903,2.07,4.0906,417.6473,49.4805,161,139.9005,8.6895,77,16.979,2.2051,783,260.7678,3.3304
blend 0.030/C/unc,blend,0.03,none,C,882,12.97,0.9036,0.0099,0.9222,0.9036,1.86,4.8867,431.0044,42.3027,152,137.252,9.0297,59,5.5863,0.9468,671,288.1661,4.2946
blend 0.040/C/unc,blend,0.04,none,C,657,9.66,0.9117,0.0111,0.9218,0.9117,1.0,7.1215,467.8824,34.4333,135,130.0221,9.6313,47,2.9433,0.6262,475,334.917,7.0509
blend 0.050/C/unc,blend,0.05,none,C,460,6.76,0.9022,0.0139,0.9256,0.9022,2.34,6.8836,316.6451,35.2566,120,120.8736,10.0728,27,6.1219,2.2674,313,189.6496,6.0591
blend 0.010/both/cap,blend,0.01,0.15,both,2217,32.6,0.9287,0.0055,0.9454,0.9287,1.67,2.5585,567.2296,51.9243,273,145.5109,5.3301,246,56.5265,2.2978,1698,365.1922,2.1507
blend 0.015/both/cap,blend,0.015,0.15,both,1810,26.62,0.9204,0.0064,0.9391,0.9204,1.87,3.0533,552.6416,48.3359,232,137.1409,5.9112,190,54.1902,2.8521,1388,361.3105,2.6031
blend 0.020/both/cap,blend,0.02,0.15,both,1522,22.38,0.9126,0.0072,0.9347,0.9126,2.21,3.3152,504.5676,50.2746,196,130.4305,6.6546,152,42.6667,2.807,1174,331.4704,2.8234
blend 0.025/both/cap,blend,0.025,0.15,both,1295,19.04,0.9073,0.0081,0.9314,0.9073,2.41,3.736,483.806,47.9233,178,123.8084,6.9555,125,30.1343,2.4107,992,329.8633,3.3252
blend 0.030/both/cap,blend,0.03,0.15,both,1128,16.59,0.9078,0.0086,0.9299,0.9078,2.21,4.4817,505.5404,44.8591,166,119.8767,7.2215,102,26.6366,2.6114,860,359.0271,4.1747
blend 0.040/both/cap,blend,0.04,0.15,both,849,12.49,0.9117,0.0097,0.9292,0.9117,1.75,6.1572,522.7474,35.7959,144,106.563,7.4002,82,12.4252,1.5153,623,403.7593,6.4809
blend 0.050/both/cap,blend,0.05,0.15,both,603,8.87,0.9005,0.0122,0.9313,0.9005,3.08,5.8375,352.0001,40.5358,125,104.5986,8.3679,53,18.8029,3.5477,425,228.5986,5.3788
blend 0.010/both/unc,blend,0.01,none,both,2278,33.5,0.9271,0.0054,0.9464,0.9271,1.93,2.7381,623.743,53.5921,304,187.4095,6.1648,250,55.5322,2.2213,1724,380.8014,2.2088
blend 0.015/both/unc,blend,0.015,none,both,1871,27.51,0.9188,0.0063,0.9405,0.9188,2.17,3.2558,609.1549,49.386,263,179.0395,6.8076,194,53.1958,2.7421,1414,376.9196,2.6656
blend 0.020/both/unc,blend,0.02,none,both,1583,23.28,0.9109,0.0072,0.9365,0.9109,2.56,3.5444,561.081,53.9246,227,172.3291,7.5916,156,41.6724,2.6713,1200,347.0795,2.8923
blend 0.025/both/unc,blend,0.025,none,both,1356,19.94,0.9056,0.0079,0.9337,0.9056,2.81,3.9847,540.3194,56.7917,209,165.707,7.9286,129,29.14,2.2589,1018,345.4724,3.3936
blend 0.030/both/unc,blend,0.03,none,both,1189,17.49,0.9058,0.0085,0.9326,0.9058,2.68,4.7271,562.0538,48.8398,197,161.7753,8.2119,106,25.6423,2.4191,886,374.6362,4.2284
blend 0.040/both/unc,blend,0.04,none,both,910,13.38,0.9088,0.0095,0.9327,0.9088,2.39,6.3655,579.2608,47.3967,175,148.4615,8.4835,86,11.4308,1.3292,649,419.3684,6.4618
blend 0.050/both/unc,blend,0.05,none,both,664,9.76,0.8976,0.0118,0.9359,0.8976,3.83,6.1523,408.5135,36.0125,156,146.4971,9.3908,57,17.8086,3.1243,451,244.2077,5.4148
