icao,md,wu_f,metar_close_max,metar_eq_wu,n_pm,n_obs
KLAX,2026-03-24,69.0,69.0,1,30,19
KLAX,2026-03-25,68.0,68.0,1,30,24
KLAX,2026-03-26,71.0,71.0,1,30,22
KLAX,2026-03-27,70.0,70.0,1,30,28
KLAX,2026-03-29,72.0,72.0,1,30,26
KLAX,2026-03-30,69.0,69.0,1,30,34
KLAX,2026-04-01,62.0,67.0,0,30,23
KLAX,2026-04-06,77.0,77.0,1,30,19
KLAX,2026-04-07,69.0,69.0,1,30,20
KLAX,2026-04-08,70.0,70.0,1,30,21
KLAX,2026-04-09,71.0,71.0,1,30,23
KLAX,2026-04-11,68.0,68.0,1,30,19
KLAX,2026-04-12,68.0,68.0,1,30,23
KLAX,2026-04-13,66.0,66.0,1,30,17
KLAX,2026-04-14,68.0,68.0,1,30,17
KLAX,2026-04-15,69.0,69.0,1,30,18
KLAX,2026-04-16,69.0,69.0,1,30,20
KLAX,2026-04-17,72.0,72.0,1,30,19
KLAX,2026-04-19,71.0,71.0,1,30,18
KLAX,2026-04-20,70.0,70.0,1,30,20
KLAX,2026-04-21,70.0,70.0,1,30,23
KLAX,2026-04-22,66.0,66.0,1,30,17
KLAX,2026-04-23,71.0,71.0,1,30,18
KLAX,2026-04-24,73.0,73.0,1,30,17
KLAX,2026-04-25,65.0,65.0,1,30,20
KLAX,2026-04-26,66.0,66.0,1,30,22
KLAX,2026-04-27,66.0,66.0,1,27,17
KLAX,2026-04-28,68.0,68.0,1,30,17
KLAX,2026-04-29,68.0,68.0,1,28,17
KLAX,2026-05-01,69.0,69.0,1,30,19
KLAX,2026-05-02,67.0,67.0,1,30,22
KLAX,2026-05-03,66.0,66.0,1,30,19
KDAL,2026-02-18,77.0,77.0,1,36,18
KDAL,2026-02-19,78.0,78.0,1,36,18
KDAL,2026-02-20,61.0,61.0,1,36,18
KDAL,2026-02-21,62.0,62.0,1,36,19
KDAL,2026-02-22,58.0,58.0,1,36,18
KDAL,2026-02-23,60.0,60.0,1,36,18
KDAL,2026-02-24,71.0,71.0,1,30,18
KDAL,2026-02-25,80.0,80.0,1,30,18
KDAL,2026-02-26,82.0,82.0,1,35,24
KDAL,2026-02-28,83.0,83.0,1,36,18
KDAL,2026-03-03,84.0,84.0,1,36,21
KDAL,2026-03-05,81.0,81.0,1,36,20
KDAL,2026-03-06,83.0,83.0,1,36,25
KDAL,2026-03-08,49.0,75.0,0,36,18
KDAL,2026-03-09,84.0,84.0,1,42,25
KDAL,2026-03-10,82.0,82.0,1,42,24
KDAL,2026-03-11,76.0,76.0,1,29,28
KDAL,2026-03-12,63.0,63.0,1,42,19
KDAL,2026-03-13,76.0,76.0,1,42,19
KDAL,2026-03-14,81.0,81.0,1,42,19
KDAL,2026-03-15,85.0,85.0,1,42,21
KDAL,2026-03-16,48.0,48.0,1,42,19
KDAL,2026-03-17,63.0,63.0,1,42,20
KDAL,2026-03-18,74.0,74.0,1,42,19
KDAL,2026-03-19,86.0,86.0,1,42,19
KDAL,2026-03-20,89.0,89.0,1,42,19
KDAL,2026-03-21,91.0,91.0,1,42,19
KDAL,2026-03-22,93.0,93.0,1,36,19
KDAL,2026-03-23,80.0,80.0,1,42,19
KDAL,2026-03-24,83.0,83.0,1,42,19
KDAL,2026-03-25,84.0,84.0,1,42,23
KDAL,2026-03-26,85.0,85.0,1,42,20
KDAL,2026-03-27,74.0,74.0,1,42,22
KDAL,2026-03-29,82.0,82.0,1,42,19
KDAL,2026-03-30,83.0,83.0,1,42,23
KDAL,2026-04-01,75.0,86.0,0,24,23
KDAL,2026-04-02,82.0,82.0,1,42,24
KDAL,2026-04-03,83.0,83.0,1,42,21
KDAL,2026-04-04,74.0,74.0,1,42,30
KDAL,2026-04-05,70.0,70.0,1,42,19
KDAL,2026-04-06,72.0,72.0,1,42,19
KDAL,2026-04-07,72.0,72.0,1,42,19
KDAL,2026-04-08,78.0,78.0,1,42,19
KDAL,2026-04-11,80.0,80.0,1,23,24
KDAL,2026-04-12,73.0,73.0,1,42,28
KDAL,2026-04-13,83.0,83.0,1,35,27
KDAL,2026-04-14,80.0,80.0,1,42,25
KDAL,2026-04-15,79.0,79.0,1,42,23
KDAL,2026-04-16,85.0,85.0,1,42,22
KDAL,2026-04-17,83.0,83.0,1,42,26
KDAL,2026-04-18,75.0,75.0,1,42,41
KDAL,2026-04-19,72.0,72.0,1,42,19
KDAL,2026-04-20,70.0,70.0,1,42,19
KDAL,2026-04-21,63.0,63.0,1,42,31
KDAL,2026-04-22,77.0,77.0,1,42,31
KDAL,2026-04-23,81.0,81.0,1,32,24
KDAL,2026-04-25,86.0,86.0,1,42,23
KDAL,2026-04-26,85.0,85.0,1,42,27
KDAL,2026-04-27,92.0,92.0,1,32,23
KDAL,2026-04-28,83.0,83.0,1,42,29
KDAL,2026-04-29,75.0,75.0,1,36,25
KDAL,2026-04-30,65.0,65.0,1,22,36
KDAL,2026-05-01,65.0,65.0,1,42,19
KDAL,2026-05-02,77.0,77.0,1,31,19
KDAL,2026-05-03,81.0,81.0,1,25,21
KHOU,2026-03-24,80.0,80.0,1,42,31
KHOU,2026-03-25,83.0,83.0,1,42,30
KHOU,2026-03-26,82.0,82.0,1,42,25
KHOU,2026-03-27,85.0,85.0,1,42,20
KHOU,2026-03-29,81.0,81.0,1,42,19
KHOU,2026-04-01,73.0,84.0,0,34,29
KHOU,2026-04-02,82.0,82.0,1,42,22
KHOU,2026-04-03,84.0,84.0,1,42,22
KHOU,2026-04-04,81.0,81.0,1,42,24
KHOU,2026-04-05,66.0,66.0,1,42,22
KHOU,2026-04-06,73.0,73.0,1,42,19
KHOU,2026-04-07,74.0,74.0,1,42,19
KHOU,2026-04-08,78.0,78.0,1,42,20
KHOU,2026-04-13,81.0,81.0,1,22,26
KHOU,2026-04-14,83.0,83.0,1,42,21
KHOU,2026-04-15,83.0,83.0,1,42,23
KHOU,2026-04-16,85.0,85.0,1,42,23
KHOU,2026-04-17,82.0,82.0,1,42,21
KHOU,2026-04-18,84.0,84.0,1,32,27
KHOU,2026-04-19,70.0,70.0,1,42,19
KHOU,2026-04-20,71.0,71.0,1,42,19
KHOU,2026-04-21,68.0,68.0,1,42,24
KHOU,2026-04-22,81.0,81.0,1,20,26
KHOU,2026-04-24,83.0,83.0,1,20,21
KHOU,2026-04-25,86.0,86.0,1,24,21
KHOU,2026-04-26,85.0,85.0,1,38,21
KHOU,2026-04-27,88.0,88.0,1,18,26
KHOU,2026-04-28,88.0,88.0,1,20,27
KHOU,2026-04-29,85.0,85.0,1,36,28
KHOU,2026-04-30,88.0,88.0,1,22,24
KHOU,2026-05-01,70.0,70.0,1,42,56
KHOU,2026-05-02,76.0,76.0,1,42,19
KHOU,2026-05-03,78.0,78.0,1,42,19
KMIA,2026-02-18,79.0,79.0,1,42,21
KMIA,2026-02-19,81.0,81.0,1,42,22
KMIA,2026-02-20,83.0,83.0,1,42,19
KMIA,2026-02-21,83.0,83.0,1,42,19
KMIA,2026-02-22,88.0,88.0,1,42,24
KMIA,2026-02-23,64.0,64.0,1,42,19
KMIA,2026-02-24,65.0,65.0,1,36,19
KMIA,2026-02-25,72.0,72.0,1,36,19
KMIA,2026-02-26,78.0,78.0,1,41,19
KMIA,2026-02-27,82.0,82.0,1,36,20
KMIA,2026-02-28,84.0,84.0,1,42,22
KMIA,2026-03-01,83.0,83.0,1,42,25
KMIA,2026-03-02,81.0,81.0,1,42,23
KMIA,2026-03-03,83.0,83.0,1,42,21
KMIA,2026-03-04,81.0,81.0,1,42,22
KMIA,2026-03-05,82.0,82.0,1,42,29
KMIA,2026-03-06,84.0,84.0,1,42,21
KMIA,2026-03-07,82.0,82.0,1,42,19
KMIA,2026-03-08,75.0,84.0,0,42,19
KMIA,2026-03-09,84.0,84.0,1,48,20
KMIA,2026-03-10,84.0,84.0,1,48,20
KMIA,2026-03-11,84.0,84.0,1,48,23
KMIA,2026-03-12,85.0,85.0,1,48,29
KMIA,2026-03-13,79.0,79.0,1,48,31
KMIA,2026-03-14,85.0,85.0,1,48,23
KMIA,2026-03-15,81.0,81.0,1,48,35
KMIA,2026-03-16,87.0,87.0,1,48,24
KMIA,2026-03-17,71.0,71.0,1,48,29
KMIA,2026-03-18,69.0,69.0,1,48,35
KMIA,2026-03-19,77.0,77.0,1,48,22
KMIA,2026-03-20,76.0,76.0,1,48,23
KMIA,2026-03-21,79.0,79.0,1,48,20
KMIA,2026-03-22,80.0,80.0,1,42,20
KMIA,2026-03-23,81.0,81.0,1,48,20
KMIA,2026-03-24,85.0,85.0,1,48,20
KMIA,2026-03-25,81.0,81.0,1,48,20
KMIA,2026-03-26,83.0,83.0,1,48,20
KMIA,2026-03-27,82.0,82.0,1,48,25
KMIA,2026-03-29,78.0,78.0,1,48,26
KMIA,2026-04-01,74.0,79.0,0,48,23
KMIA,2026-04-06,84.0,84.0,1,48,20
KMIA,2026-04-07,82.0,82.0,1,48,37
KMIA,2026-04-08,81.0,81.0,1,48,36
KMIA,2026-04-09,79.0,78.8,1,48,38
KMIA,2026-04-10,80.0,80.0,1,24,21
KMIA,2026-04-11,80.0,80.0,1,48,20
KMIA,2026-04-12,80.0,80.0,1,48,20
KMIA,2026-04-13,81.0,81.0,1,48,20
KMIA,2026-04-14,81.0,81.0,1,48,20
KMIA,2026-04-15,80.0,80.0,1,48,20
KMIA,2026-04-16,81.0,81.0,1,48,20
KMIA,2026-04-17,84.0,84.0,1,48,27
KMIA,2026-04-18,85.0,85.0,1,48,21
KMIA,2026-04-19,88.0,88.0,1,48,24
KMIA,2026-04-20,86.0,86.0,1,48,22
KMIA,2026-04-21,80.0,80.0,1,48,20
KMIA,2026-04-22,79.0,79.0,1,48,20
KMIA,2026-04-23,78.0,78.0,1,48,20
KMIA,2026-04-24,82.0,82.0,1,48,20
KMIA,2026-04-25,84.0,84.0,1,48,20
KMIA,2026-04-26,87.0,87.0,1,48,26
KMIA,2026-04-27,87.0,87.0,1,44,21
KMIA,2026-04-28,85.0,85.0,1,48,20
KMIA,2026-04-29,84.0,84.0,1,41,20
KMIA,2026-04-30,87.0,87.0,1,26,20
KMIA,2026-05-01,87.0,87.0,1,48,20
KMIA,2026-05-02,94.0,94.0,1,48,20
KMIA,2026-05-03,81.0,81.0,1,48,35
KMIA,2026-05-04,81.0,81.0,1,48,33
KORD,2026-02-18,63.0,63.0,1,36,18
KORD,2026-02-20,44.0,44.0,1,36,33
KORD,2026-02-21,28.0,28.0,1,36,26
KORD,2026-02-22,27.0,27.0,1,36,31
KORD,2026-02-23,29.0,29.0,1,36,25
KORD,2026-02-24,38.0,38.0,1,30,18
KORD,2026-02-25,37.0,37.0,1,30,18
KORD,2026-02-26,41.0,41.0,1,35,18
KORD,2026-02-27,65.0,65.0,1,30,30
KORD,2026-03-01,32.0,32.0,1,36,20
KORD,2026-03-02,42.0,42.0,1,36,18
KORD,2026-03-03,42.0,42.0,1,36,27
KORD,2026-03-04,45.0,45.0,1,36,37
KORD,2026-03-05,50.0,50.0,1,36,36
KORD,2026-03-06,65.0,65.0,1,36,53
KORD,2026-03-08,34.0,62.0,0,36,20
KORD,2026-03-09,72.0,72.0,1,42,19
KORD,2026-03-10,61.0,61.0,1,42,32
KORD,2026-03-11,46.0,46.4,1,42,37
KORD,2026-03-12,44.0,44.0,1,42,19
KORD,2026-03-13,47.0,47.0,1,42,21
KORD,2026-03-14,36.0,36.0,1,42,28
KORD,2026-03-15,62.0,62.0,1,42,37
KORD,2026-03-16,31.0,31.0,1,42,51
KORD,2026-03-17,24.0,22.0,0,42,19
KORD,2026-03-18,46.0,46.0,1,42,38
KORD,2026-03-20,71.0,71.0,1,42,20
KORD,2026-03-21,77.0,77.0,1,42,19
KORD,2026-03-22,69.0,69.0,1,36,24
KORD,2026-03-23,41.0,41.0,1,42,21
KORD,2026-03-24,51.0,51.0,1,42,19
KORD,2026-03-25,71.0,71.0,1,34,19
KORD,2026-03-26,67.0,67.0,1,42,26
KORD,2026-03-27,44.0,44.0,1,42,22
KORD,2026-03-29,63.0,63.0,1,42,19
KORD,2026-04-01,40.0,40.0,1,42,26
KORD,2026-04-02,70.0,70.0,1,19,38
KORD,2026-04-04,56.0,56.0,1,42,42
KORD,2026-04-05,53.0,53.0,1,42,20
KORD,2026-04-06,50.0,50.0,1,42,24
KORD,2026-04-07,38.0,38.0,1,42,21
KORD,2026-04-10,54.0,54.0,1,19,34
KORD,2026-04-11,55.0,55.0,1,18,19
KORD,2026-04-13,78.0,78.0,1,35,31
KORD,2026-04-15,72.0,72.0,1,42,25
KORD,2026-04-16,74.0,74.0,1,42,34
KORD,2026-04-17,80.0,80.0,1,42,33
KORD,2026-04-18,63.0,63.0,1,42,28
KORD,2026-04-19,48.0,48.0,1,42,20
KORD,2026-04-20,56.0,56.0,1,42,19
KORD,2026-04-24,71.0,71.0,1,42,19
KORD,2026-04-25,55.0,55.0,1,42,33
KORD,2026-04-26,59.0,59.0,1,42,31
KORD,2026-04-27,68.0,68.0,1,38,31
KORD,2026-04-30,54.0,54.0,1,22,20
KORD,2026-05-01,49.0,49.0,1,42,26
KORD,2026-05-02,56.0,56.0,1,36,19
