st,md,metar_maxF,wu_F,diff,wu_round,metar_round,rdiff
KLAX,2026-03-24,69.0,69.0,0.0,69,69,0
KLAX,2026-03-25,68.0,68.0,0.0,68,68,0
KLAX,2026-03-26,71.0,71.0,0.0,71,71,0
KLAX,2026-03-27,70.0,70.0,0.0,70,70,0
KLAX,2026-03-28,66.0,66.0,0.0,66,66,0
KLAX,2026-03-29,72.0,72.0,0.0,72,72,0
KLAX,2026-03-30,69.0,69.0,0.0,69,69,0
KLAX,2026-04-01,67.0,62.0,5.0,62,67,5
KLAX,2026-04-06,77.0,77.0,0.0,77,77,0
KLAX,2026-04-07,69.0,69.0,0.0,69,69,0
KLAX,2026-04-08,70.0,70.0,0.0,70,70,0
KLAX,2026-04-09,71.0,71.0,0.0,71,71,0
KLAX,2026-04-10,67.0,67.0,0.0,67,67,0
KLAX,2026-04-11,68.0,68.0,0.0,68,68,0
KLAX,2026-04-12,68.0,68.0,0.0,68,68,0
KLAX,2026-04-13,66.0,66.0,0.0,66,66,0
KLAX,2026-04-14,68.0,68.0,0.0,68,68,0
KLAX,2026-04-15,69.0,69.0,0.0,69,69,0
KLAX,2026-04-16,69.0,69.0,0.0,69,69,0
KLAX,2026-04-17,72.0,72.0,0.0,72,72,0
KLAX,2026-04-18,76.0,76.0,0.0,76,76,0
KLAX,2026-04-19,71.0,71.0,0.0,71,71,0
KLAX,2026-04-20,70.0,70.0,0.0,70,70,0
KLAX,2026-04-21,70.0,70.0,0.0,70,70,0
KLAX,2026-04-22,66.0,66.0,0.0,66,66,0
KLAX,2026-04-23,71.0,71.0,0.0,71,71,0
KLAX,2026-04-24,73.0,73.0,0.0,73,73,0
KLAX,2026-04-25,65.0,65.0,0.0,65,65,0
KLAX,2026-04-26,66.0,66.0,0.0,66,66,0
KLAX,2026-04-27,66.0,66.0,0.0,66,66,0
KLAX,2026-04-28,68.0,68.0,0.0,68,68,0
KLAX,2026-04-29,68.0,68.0,0.0,68,68,0
KLAX,2026-04-30,68.0,68.0,0.0,68,68,0
KLAX,2026-05-01,69.0,69.0,0.0,69,69,0
KLAX,2026-05-02,67.0,67.0,0.0,67,67,0
KLAX,2026-05-03,66.0,66.0,0.0,66,66,0
KLAX,2026-05-04,67.0,67.0,0.0,67,67,0
KLAX,2026-05-05,65.0,65.0,0.0,65,65,0
KLAX,2026-05-06,68.0,68.0,0.0,68,68,0
KLAX,2026-05-07,68.0,68.0,0.0,68,68,0
KLAX,2026-05-08,69.0,69.0,0.0,69,69,0
KLAX,2026-05-09,69.0,69.0,0.0,69,69,0
KLAX,2026-05-10,69.0,68.0,1.0,68,69,1
KLAX,2026-05-11,66.0,66.0,0.0,66,66,0
KLAX,2026-05-12,66.0,66.0,0.0,66,66,0
KLAX,2026-05-13,69.0,69.0,0.0,69,69,0
KLAX,2026-05-14,69.0,69.0,0.0,69,69,0
KLAX,2026-05-15,68.0,68.0,0.0,68,68,0
KLAX,2026-05-16,69.0,69.0,0.0,69,69,0
KLAX,2026-05-19,74.0,74.0,0.0,74,74,0
KLAX,2026-05-20,76.0,76.0,0.0,76,76,0
KDAL,2026-02-18,77.0,77.0,0.0,77,77,0
KDAL,2026-02-19,78.0,78.0,0.0,78,78,0
KDAL,2026-02-20,61.0,61.0,0.0,61,61,0
KDAL,2026-02-21,62.0,62.0,0.0,62,62,0
KDAL,2026-02-22,58.0,58.0,0.0,58,58,0
KDAL,2026-02-23,60.0,60.0,0.0,60,60,0
KDAL,2026-02-24,71.0,71.0,0.0,71,71,0
KDAL,2026-02-25,80.0,80.0,0.0,80,80,0
KDAL,2026-02-26,82.0,82.0,0.0,82,82,0
KDAL,2026-02-27,82.0,82.0,0.0,82,82,0
KDAL,2026-02-28,83.0,83.0,0.0,83,83,0
KDAL,2026-03-01,81.0,81.0,0.0,81,81,0
KDAL,2026-03-02,82.0,82.0,0.0,82,82,0
KDAL,2026-03-03,84.0,84.0,0.0,84,84,0
KDAL,2026-03-04,81.0,81.0,0.0,81,81,0
KDAL,2026-03-05,81.0,81.0,0.0,81,81,0
KDAL,2026-03-06,83.0,83.0,0.0,83,83,0
KDAL,2026-03-07,75.0,75.0,0.0,75,75,0
KDAL,2026-03-08,75.0,49.0,26.0,49,75,26
KDAL,2026-03-09,84.0,84.0,0.0,84,84,0
KDAL,2026-03-10,82.0,82.0,0.0,82,82,0
KDAL,2026-03-11,76.0,76.0,0.0,76,76,0
KDAL,2026-03-12,63.0,63.0,0.0,63,63,0
KDAL,2026-03-13,76.0,76.0,0.0,76,76,0
KDAL,2026-03-14,81.0,81.0,0.0,81,81,0
KDAL,2026-03-15,85.0,85.0,0.0,85,85,0
KDAL,2026-03-16,48.0,48.0,0.0,48,48,0
KDAL,2026-03-17,63.0,63.0,0.0,63,63,0
KDAL,2026-03-18,74.0,74.0,0.0,74,74,0
KDAL,2026-03-19,86.0,86.0,0.0,86,86,0
KDAL,2026-03-20,89.0,89.0,0.0,89,89,0
KDAL,2026-03-21,91.0,91.0,0.0,91,91,0
KDAL,2026-03-22,93.0,93.0,0.0,93,93,0
KDAL,2026-03-23,80.0,80.0,0.0,80,80,0
KDAL,2026-03-24,83.0,83.0,0.0,83,83,0
KDAL,2026-03-25,84.0,84.0,0.0,84,84,0
KDAL,2026-03-26,85.0,85.0,0.0,85,85,0
KDAL,2026-03-27,74.0,74.0,0.0,74,74,0
KDAL,2026-03-28,57.0,57.0,0.0,57,57,0
KDAL,2026-03-29,82.0,82.0,0.0,82,82,0
KDAL,2026-03-30,83.0,83.0,0.0,83,83,0
KDAL,2026-04-01,86.0,75.0,11.0,75,86,11
KDAL,2026-04-02,82.0,82.0,0.0,82,82,0
KDAL,2026-04-03,83.0,83.0,0.0,83,83,0
KDAL,2026-04-04,74.0,74.0,0.0,74,74,0
KDAL,2026-04-05,70.0,70.0,0.0,70,70,0
KDAL,2026-04-06,72.0,72.0,0.0,72,72,0
KDAL,2026-04-07,72.0,72.0,0.0,72,72,0
KDAL,2026-04-08,78.0,78.0,0.0,78,78,0
KDAL,2026-04-09,79.0,79.0,0.0,79,79,0
KDAL,2026-04-10,82.0,82.0,0.0,82,82,0
KDAL,2026-04-11,80.0,80.0,0.0,80,80,0
KDAL,2026-04-12,73.0,73.0,0.0,73,73,0
KDAL,2026-04-13,83.0,83.0,0.0,83,83,0
KDAL,2026-04-14,80.0,80.0,0.0,80,80,0
KDAL,2026-04-15,79.0,79.0,0.0,79,79,0
KDAL,2026-04-16,85.0,85.0,0.0,85,85,0
KDAL,2026-04-17,83.0,83.0,0.0,83,83,0
KDAL,2026-04-18,75.0,75.0,0.0,75,75,0
KDAL,2026-04-19,72.0,72.0,0.0,72,72,0
KDAL,2026-04-20,70.0,70.0,0.0,70,70,0
KDAL,2026-04-21,63.0,63.0,0.0,63,63,0
KDAL,2026-04-22,77.0,77.0,0.0,77,77,0
KDAL,2026-04-23,81.0,81.0,0.0,81,81,0
KDAL,2026-04-24,90.0,90.0,0.0,90,90,0
KDAL,2026-04-25,86.0,86.0,0.0,86,86,0
KDAL,2026-04-26,85.0,85.0,0.0,85,85,0
KDAL,2026-04-27,92.0,92.0,0.0,92,92,0
KDAL,2026-04-28,83.0,83.0,0.0,83,83,0
KDAL,2026-04-29,75.0,75.0,0.0,75,75,0
KDAL,2026-04-30,65.0,65.0,0.0,65,65,0
KDAL,2026-05-01,65.0,65.0,0.0,65,65,0
KDAL,2026-05-02,77.0,77.0,0.0,77,77,0
KDAL,2026-05-03,81.0,81.0,0.0,81,81,0
KDAL,2026-05-04,81.0,81.0,0.0,81,81,0
KDAL,2026-05-05,90.0,90.0,0.0,90,90,0
KDAL,2026-05-06,63.0,63.0,0.0,63,63,0
KDAL,2026-05-07,74.0,74.0,0.0,74,74,0
KDAL,2026-05-08,76.0,76.0,0.0,76,76,0
KDAL,2026-05-09,90.0,90.0,0.0,90,90,0
KDAL,2026-05-10,79.0,79.0,0.0,79,79,0
KDAL,2026-05-11,78.0,78.0,0.0,78,78,0
KDAL,2026-05-12,86.0,86.0,0.0,86,86,0
KDAL,2026-05-13,90.0,90.0,0.0,90,90,0
KDAL,2026-05-14,91.0,91.0,0.0,91,91,0
KDAL,2026-05-15,88.0,88.0,0.0,88,88,0
KDAL,2026-05-16,87.0,87.0,0.0,87,87,0
KDAL,2026-05-19,85.0,85.0,0.0,85,85,0
KDAL,2026-05-20,81.0,81.0,0.0,81,81,0
KHOU,2026-03-24,80.0,80.0,0.0,80,80,0
KHOU,2026-03-25,83.0,83.0,0.0,83,83,0
KHOU,2026-03-26,82.0,82.0,0.0,82,82,0
KHOU,2026-03-27,85.0,85.0,0.0,85,85,0
KHOU,2026-03-28,74.0,74.0,0.0,74,74,0
KHOU,2026-03-29,81.0,81.0,0.0,81,81,0
KHOU,2026-04-01,84.0,73.0,11.0,73,84,11
KHOU,2026-04-02,82.0,82.0,0.0,82,82,0
KHOU,2026-04-03,84.0,84.0,0.0,84,84,0
KHOU,2026-04-04,81.0,81.0,0.0,81,81,0
KHOU,2026-04-05,66.0,66.0,0.0,66,66,0
KHOU,2026-04-06,73.0,73.0,0.0,73,73,0
KHOU,2026-04-07,74.0,74.0,0.0,74,74,0
KHOU,2026-04-08,78.0,78.0,0.0,78,78,0
KHOU,2026-04-09,81.0,81.0,0.0,81,81,0
KHOU,2026-04-10,77.0,77.0,0.0,77,77,0
KHOU,2026-04-11,81.0,81.0,0.0,81,81,0
KHOU,2026-04-12,79.0,79.0,0.0,79,79,0
KHOU,2026-04-13,81.0,81.0,0.0,81,81,0
KHOU,2026-04-14,83.0,83.0,0.0,83,83,0
KHOU,2026-04-15,83.0,83.0,0.0,83,83,0
KHOU,2026-04-16,85.0,85.0,0.0,85,85,0
KHOU,2026-04-17,82.0,82.0,0.0,82,82,0
KHOU,2026-04-18,84.0,84.0,0.0,84,84,0
KHOU,2026-04-19,70.0,70.0,0.0,70,70,0
KHOU,2026-04-20,71.0,71.0,0.0,71,71,0
KHOU,2026-04-21,68.0,68.0,0.0,68,68,0
KHOU,2026-04-22,81.0,81.0,0.0,81,81,0
KHOU,2026-04-23,83.0,83.0,0.0,83,83,0
KHOU,2026-04-24,83.0,83.0,0.0,83,83,0
KHOU,2026-04-25,86.0,86.0,0.0,86,86,0
KHOU,2026-04-26,85.0,85.0,0.0,85,85,0
KHOU,2026-04-27,88.0,88.0,0.0,88,88,0
KHOU,2026-04-28,88.0,88.0,0.0,88,88,0
KHOU,2026-04-29,85.0,85.0,0.0,85,85,0
KHOU,2026-04-30,88.0,88.0,0.0,88,88,0
KHOU,2026-05-01,70.0,70.0,0.0,70,70,0
KHOU,2026-05-02,76.0,76.0,0.0,76,76,0
KHOU,2026-05-03,78.0,78.0,0.0,78,78,0
KHOU,2026-05-04,81.0,81.0,0.0,81,81,0
KHOU,2026-05-05,83.0,83.0,0.0,83,83,0
KHOU,2026-05-06,85.0,85.0,0.0,85,85,0
KHOU,2026-05-07,79.0,79.0,0.0,79,79,0
KHOU,2026-05-08,75.0,75.0,0.0,75,75,0
KHOU,2026-05-09,91.0,91.0,0.0,91,91,0
KHOU,2026-05-10,89.0,87.0,2.0,87,89,2
KHOU,2026-05-11,81.0,81.0,0.0,81,81,0
KHOU,2026-05-12,85.0,85.0,0.0,85,85,0
KHOU,2026-05-13,90.0,90.0,0.0,90,90,0
KHOU,2026-05-14,90.0,90.0,0.0,90,90,0
KHOU,2026-05-15,88.0,88.0,0.0,88,88,0
KHOU,2026-05-16,88.0,88.0,0.0,88,88,0
KHOU,2026-05-20,80.0,80.0,0.0,80,80,0
KMIA,2026-02-18,79.0,79.0,0.0,79,79,0
KMIA,2026-02-19,81.0,81.0,0.0,81,81,0
KMIA,2026-02-20,83.0,83.0,0.0,83,83,0
KMIA,2026-02-21,83.0,83.0,0.0,83,83,0
KMIA,2026-02-22,88.0,88.0,0.0,88,88,0
KMIA,2026-02-23,64.0,64.0,0.0,64,64,0
KMIA,2026-02-24,65.0,65.0,0.0,65,65,0
KMIA,2026-02-25,72.0,72.0,0.0,72,72,0
KMIA,2026-02-26,78.0,78.0,0.0,78,78,0
KMIA,2026-02-27,82.0,82.0,0.0,82,82,0
KMIA,2026-02-28,84.0,84.0,0.0,84,84,0
KMIA,2026-03-01,83.0,83.0,0.0,83,83,0
KMIA,2026-03-02,81.0,81.0,0.0,81,81,0
KMIA,2026-03-03,83.0,83.0,0.0,83,83,0
KMIA,2026-03-04,81.0,81.0,0.0,81,81,0
KMIA,2026-03-05,82.0,82.0,0.0,82,82,0
KMIA,2026-03-06,84.0,84.0,0.0,84,84,0
KMIA,2026-03-07,82.0,82.0,0.0,82,82,0
KMIA,2026-03-08,84.0,75.0,9.0,75,84,9
KMIA,2026-03-09,84.0,84.0,0.0,84,84,0
KMIA,2026-03-10,84.0,84.0,0.0,84,84,0
KMIA,2026-03-11,84.0,84.0,0.0,84,84,0
KMIA,2026-03-12,85.0,85.0,0.0,85,85,0
KMIA,2026-03-13,79.0,79.0,0.0,79,79,0
KMIA,2026-03-14,85.0,85.0,0.0,85,85,0
KMIA,2026-03-15,81.0,81.0,0.0,81,81,0
KMIA,2026-03-16,87.0,87.0,0.0,87,87,0
KMIA,2026-03-17,71.0,71.0,0.0,71,71,0
KMIA,2026-03-18,69.0,69.0,0.0,69,69,0
KMIA,2026-03-19,77.0,77.0,0.0,77,77,0
KMIA,2026-03-20,76.0,76.0,0.0,76,76,0
KMIA,2026-03-21,79.0,79.0,0.0,79,79,0
KMIA,2026-03-22,80.0,80.0,0.0,80,80,0
KMIA,2026-03-23,81.0,81.0,0.0,81,81,0
KMIA,2026-03-24,85.0,85.0,0.0,85,85,0
KMIA,2026-03-25,81.0,81.0,0.0,81,81,0
KMIA,2026-03-26,83.0,83.0,0.0,83,83,0
KMIA,2026-03-27,82.0,82.0,0.0,82,82,0
KMIA,2026-03-28,84.0,84.0,0.0,84,84,0
KMIA,2026-03-29,78.0,78.0,0.0,78,78,0
KMIA,2026-04-01,79.0,74.0,5.0,74,79,5
KMIA,2026-04-06,84.0,84.0,0.0,84,84,0
KMIA,2026-04-07,82.0,82.0,0.0,82,82,0
KMIA,2026-04-08,81.0,81.0,0.0,81,81,0
KMIA,2026-04-09,78.8,79.0,-0.20000000000000284,79,79,0
KMIA,2026-04-10,80.0,80.0,0.0,80,80,0
KMIA,2026-04-11,80.0,80.0,0.0,80,80,0
KMIA,2026-04-12,80.0,80.0,0.0,80,80,0
KMIA,2026-04-13,81.0,81.0,0.0,81,81,0
KMIA,2026-04-14,81.0,81.0,0.0,81,81,0
KMIA,2026-04-15,80.0,80.0,0.0,80,80,0
KMIA,2026-04-16,81.0,81.0,0.0,81,81,0
KMIA,2026-04-17,84.0,84.0,0.0,84,84,0
KMIA,2026-04-18,85.0,85.0,0.0,85,85,0
KMIA,2026-04-19,88.0,88.0,0.0,88,88,0
KMIA,2026-04-20,86.0,86.0,0.0,86,86,0
KMIA,2026-04-21,80.0,80.0,0.0,80,80,0
KMIA,2026-04-22,79.0,79.0,0.0,79,79,0
KMIA,2026-04-23,78.0,78.0,0.0,78,78,0
KMIA,2026-04-24,82.0,82.0,0.0,82,82,0
KMIA,2026-04-25,84.0,84.0,0.0,84,84,0
KMIA,2026-04-26,87.0,87.0,0.0,87,87,0
KMIA,2026-04-27,87.0,87.0,0.0,87,87,0
KMIA,2026-04-28,85.0,85.0,0.0,85,85,0
KMIA,2026-04-29,84.0,84.0,0.0,84,84,0
KMIA,2026-04-30,87.0,87.0,0.0,87,87,0
KMIA,2026-05-01,87.0,87.0,0.0,87,87,0
KMIA,2026-05-02,94.0,94.0,0.0,94,94,0
KMIA,2026-05-03,81.0,81.0,0.0,81,81,0
KMIA,2026-05-04,81.0,81.0,0.0,81,81,0
KMIA,2026-05-05,88.0,88.0,0.0,88,88,0
KMIA,2026-05-06,88.0,88.0,0.0,88,88,0
KMIA,2026-05-07,91.0,91.0,0.0,91,91,0
KMIA,2026-05-08,92.0,92.0,0.0,92,92,0
KMIA,2026-05-09,91.0,91.0,0.0,91,91,0
KMIA,2026-05-10,91.0,91.0,0.0,91,91,0
KMIA,2026-05-11,89.0,89.0,0.0,89,89,0
KMIA,2026-05-12,91.0,91.0,0.0,91,91,0
KMIA,2026-05-13,94.0,94.0,0.0,94,94,0
KMIA,2026-05-14,94.0,94.0,0.0,94,94,0
KMIA,2026-05-15,92.0,92.0,0.0,92,92,0
KMIA,2026-05-16,88.0,88.0,0.0,88,88,0
KMIA,2026-05-19,86.0,86.0,0.0,86,86,0
KMIA,2026-05-20,88.0,88.0,0.0,88,88,0
KORD,2026-02-18,63.0,63.0,0.0,63,63,0
KORD,2026-02-19,58.0,58.0,0.0,58,58,0
KORD,2026-02-20,44.0,44.0,0.0,44,44,0
KORD,2026-02-21,28.0,28.0,0.0,28,28,0
KORD,2026-02-22,27.0,27.0,0.0,27,27,0
KORD,2026-02-23,29.0,29.0,0.0,29,29,0
KORD,2026-02-24,38.0,38.0,0.0,38,38,0
KORD,2026-02-25,37.0,37.0,0.0,37,37,0
KORD,2026-02-26,41.0,41.0,0.0,41,41,0
KORD,2026-02-27,65.0,65.0,0.0,65,65,0
KORD,2026-02-28,43.0,43.0,0.0,43,43,0
KORD,2026-03-01,32.0,32.0,0.0,32,32,0
KORD,2026-03-02,42.0,42.0,0.0,42,42,0
KORD,2026-03-03,42.0,42.0,0.0,42,42,0
KORD,2026-03-04,45.0,45.0,0.0,45,45,0
KORD,2026-03-05,50.0,50.0,0.0,50,50,0
KORD,2026-03-06,65.0,65.0,0.0,65,65,0
KORD,2026-03-07,65.0,65.0,0.0,65,65,0
KORD,2026-03-08,62.0,34.0,28.0,34,62,28
KORD,2026-03-09,72.0,72.0,0.0,72,72,0
KORD,2026-03-10,61.0,61.0,0.0,61,61,0
KORD,2026-03-11,46.4,46.0,0.3999999999999986,46,46,0
KORD,2026-03-12,44.0,44.0,0.0,44,44,0
KORD,2026-03-13,47.0,47.0,0.0,47,47,0
KORD,2026-03-14,36.0,36.0,0.0,36,36,0
KORD,2026-03-15,62.0,62.0,0.0,62,62,0
KORD,2026-03-16,31.0,31.0,0.0,31,31,0
KORD,2026-03-17,24.0,24.0,0.0,24,24,0
KORD,2026-03-18,46.0,46.0,0.0,46,46,0
KORD,2026-03-19,62.0,62.0,0.0,62,62,0
KORD,2026-03-20,71.0,71.0,0.0,71,71,0
KORD,2026-03-21,77.0,77.0,0.0,77,77,0
KORD,2026-03-22,69.0,69.0,0.0,69,69,0
KORD,2026-03-23,41.0,41.0,0.0,41,41,0
KORD,2026-03-24,51.0,51.0,0.0,51,51,0
KORD,2026-03-25,71.0,71.0,0.0,71,71,0
KORD,2026-03-26,67.0,67.0,0.0,67,67,0
KORD,2026-03-27,44.0,44.0,0.0,44,44,0
KORD,2026-03-28,48.0,48.0,0.0,48,48,0
KORD,2026-03-29,63.0,63.0,0.0,63,63,0
KORD,2026-03-30,80.0,80.0,0.0,80,80,0
KORD,2026-04-01,40.0,40.0,0.0,40,40,0
KORD,2026-04-02,70.0,70.0,0.0,70,70,0
KORD,2026-04-03,62.0,62.0,0.0,62,62,0
KORD,2026-04-04,56.0,56.0,0.0,56,56,0
KORD,2026-04-05,53.0,53.0,0.0,53,53,0
KORD,2026-04-06,50.0,50.0,0.0,50,50,0
KORD,2026-04-07,38.0,38.0,0.0,38,38,0
KORD,2026-04-08,71.0,71.0,0.0,71,71,0
KORD,2026-04-09,70.0,70.0,0.0,70,70,0
KORD,2026-04-10,54.0,54.0,0.0,54,54,0
KORD,2026-04-11,55.0,55.0,0.0,55,55,0
KORD,2026-04-12,79.0,79.0,0.0,79,79,0
KORD,2026-04-13,78.0,78.0,0.0,78,78,0
KORD,2026-04-14,82.0,82.0,0.0,82,82,0
KORD,2026-04-15,72.0,72.0,0.0,72,72,0
KORD,2026-04-16,74.0,74.0,0.0,74,74,0
KORD,2026-04-17,80.0,80.0,0.0,80,80,0
KORD,2026-04-18,63.0,63.0,0.0,63,63,0
KORD,2026-04-19,48.0,48.0,0.0,48,48,0
KORD,2026-04-20,56.0,56.0,0.0,56,56,0
KORD,2026-04-21,76.0,76.0,0.0,76,76,0
KORD,2026-04-22,72.0,72.0,0.0,72,72,0
KORD,2026-04-23,80.0,80.0,0.0,80,80,0
KORD,2026-04-24,71.0,71.0,0.0,71,71,0
KORD,2026-04-25,55.0,55.0,0.0,55,55,0
KORD,2026-04-26,59.0,59.0,0.0,59,59,0
KORD,2026-04-27,68.0,68.0,0.0,68,68,0
KORD,2026-04-28,64.0,64.0,0.0,64,64,0
KORD,2026-04-29,57.0,57.0,0.0,57,57,0
KORD,2026-04-30,54.0,54.0,0.0,54,54,0
KORD,2026-05-01,49.0,49.0,0.0,49,49,0
KORD,2026-05-02,56.0,56.0,0.0,56,56,0
KORD,2026-05-03,68.0,68.0,0.0,68,68,0
KORD,2026-05-04,79.0,79.0,0.0,79,79,0
KORD,2026-05-05,61.0,61.0,0.0,61,61,0
KORD,2026-05-06,57.0,57.0,0.0,57,57,0
KORD,2026-05-07,59.0,59.0,0.0,59,59,0
KORD,2026-05-08,66.0,66.0,0.0,66,66,0
KORD,2026-05-09,75.0,75.0,0.0,75,75,0
KORD,2026-05-10,64.0,64.0,0.0,64,64,0
KORD,2026-05-11,55.0,55.0,0.0,55,55,0
KORD,2026-05-12,71.0,71.0,0.0,71,71,0
KORD,2026-05-13,58.0,58.0,0.0,58,58,0
KORD,2026-05-14,66.0,66.0,0.0,66,66,0
KORD,2026-05-15,75.0,75.0,0.0,75,75,0
KORD,2026-05-16,83.0,83.0,0.0,83,83,0
KORD,2026-05-19,78.0,78.0,0.0,78,78,0
KORD,2026-05-20,60.0,60.0,0.0,60,60,0
