icao,md,lock_localhr,y_at_lock,y_close,n_to80,n_to90,close_hr
KLAX,2026-03-24,10.883333333333333,0.1466111088888889,0.9459444444444445,33.0,34.0,17.0
KLAX,2026-03-25,0.8833333333333333,0.4443888888888889,0.9855,67.0,73.0,17.0
KLAX,2026-03-26,10.883333333333333,0.1542857142857143,0.9921875,7.0,7.0,17.0
KLAX,2026-03-27,0.8833333333333333,0.76,0.9940000000000001,14.0,47.0,17.0
KLAX,2026-03-29,13.883333333333333,0.7855000000000001,0.9924,1.0,2.0,17.0
KLAX,2026-03-30,10.883333333333333,0.263999996,0.99185,18.0,27.0,17.0
KLAX,2026-04-06,11.883333333333333,0.5452,0.993,2.0,4.0,17.0
KLAX,2026-04-07,11.883333333333333,0.302,0.91945,13.0,24.0,17.0
KLAX,2026-04-08,13.883333333333333,0.794,0.994,1.0,6.0,17.0
KLAX,2026-04-09,10.883333333333333,0.479,0.9895,5.0,13.0,17.0
KLAX,2026-04-10,12.883333333333333,0.9339999999999999,0.9954999999999999,0.0,0.0,17.0
KLAX,2026-04-11,11.883333333333333,0.844,0.9964000000000001,0.0,12.0,17.0
KLAX,2026-04-12,13.883333333333333,0.8163500000000001,0.9970000000000001,0.0,3.0,17.0
KLAX,2026-04-13,15.883333333333333,0.8225,0.9848000000000001,0.0,1.0,17.0
KLAX,2026-04-14,12.883333333333333,0.7849999999999999,0.992,1.0,2.0,17.0
KLAX,2026-04-15,11.883333333333333,0.8085000000000001,0.87625,0.0,9.0,17.0
KLAX,2026-04-16,10.883333333333333,0.5285,0.9894999999999999,9.0,25.0,17.0
KLAX,2026-04-17,12.883333333333333,0.7745,0.9977499999999999,5.0,8.0,17.0
KLAX,2026-04-18,10.883333333333333,0.9984500000000001,0.9995,0.0,0.0,17.0
KLAX,2026-04-19,11.883333333333333,0.3195,0.9844375,6.0,10.0,17.0
KLAX,2026-04-20,12.883333333333333,0.925,0.9960000000000001,0.0,0.0,17.0
KLAX,2026-04-21,13.883333333333333,0.7148,0.994,1.0,1.0,17.0
KLAX,2026-04-23,11.883333333333333,0.465,0.9960000000000001,10.0,12.0,17.0
KLAX,2026-04-24,11.883333333333333,0.73,0.9970000000000001,1.0,12.0,17.0
KLAX,2026-04-25,10.833333333333334,0.5945,0.9936999999999999,19.0,19.0,17.0
KLAX,2026-04-26,13.883333333333333,0.9075,0.9952,0.0,0.0,17.0
KLAX,2026-04-27,13.883333333333333,0.893,0.9959285714285714,0.0,1.0,17.0
KLAX,2026-04-28,11.883333333333333,0.5675,0.997,5.0,6.0,17.0
KLAX,2026-04-29,11.883333333333333,0.693999998,0.9957142857142857,2.0,12.0,17.0
KLAX,2026-04-30,11.883333333333333,0.8789999999999999,0.9984999999999999,0.0,3.0,17.0
KLAX,2026-05-01,10.883333333333333,0.568999993,0.999,14.0,19.0,17.0
KLAX,2026-05-02,12.883333333333333,0.875,0.998,0.0,1.0,17.0
KLAX,2026-05-03,12.883333333333333,0.885,0.9974999999999999,0.0,1.0,17.0
KDAL,2026-02-18,14.883333333333333,0.583999996,0.9634285714285714,6.0,12.0,18.0
KDAL,2026-02-19,13.883333333333333,0.5735,0.97065,2.0,11.0,18.0
KDAL,2026-02-20,0.8833333333333333,0.9333333333333333,0.9974000000000001,0.0,0.0,18.0
KDAL,2026-02-21,13.883333333333333,0.8445,0.994,0.0,8.0,18.0
KDAL,2026-02-22,15.883333333333333,0.8109999999999999,0.9928000000000001,0.0,1.0,18.0
KDAL,2026-02-23,16.883333333333333,0.978,0.9925,0.0,0.0,18.0
KDAL,2026-02-24,14.883333333333333,0.04011111111111111,0.8063499999999999,13.0,,18.0
KDAL,2026-02-25,15.883333333333333,0.6911111111111111,0.9945999999999999,6.0,8.0,18.0
KDAL,2026-02-26,15.883333333333333,0.9995,0.9994999999999999,0.0,0.0,18.0
KDAL,2026-02-27,11.883333333333333,0.9994999999999999,0.9994999999999999,0.0,0.0,18.0
KDAL,2026-02-28,13.883333333333333,0.317,0.9964999999999999,18.0,18.0,18.0
KDAL,2026-03-01,12.433333333333334,0.9994999999999999,0.9994999999999999,0.0,0.0,18.0
KDAL,2026-03-02,11.833333333333334,0.9977,0.9995,0.0,0.0,18.0
KDAL,2026-03-03,15.883333333333333,0.9994999999999999,0.9994999999999999,0.0,0.0,18.0
KDAL,2026-03-04,11.733333333333333,0.9994999999999999,0.9994999999999999,0.0,0.0,18.0
KDAL,2026-03-05,14.883333333333333,0.562,0.9605,11.0,12.0,18.0
KDAL,2026-03-06,15.883333333333333,0.8539999999999999,0.9874,0.0,2.0,18.0
KDAL,2026-03-07,0.8833333333333333,0.9994999999999999,0.9994999999999999,0.0,0.0,18.0
KDAL,2026-03-09,16.883333333333333,0.9435,0.9935,0.0,0.0,19.0
KDAL,2026-03-10,17.883333333333333,0.9994999999999999,0.9994999999999999,0.0,0.0,19.0
KDAL,2026-03-11,13.883333333333333,0.9993000000000001,0.9995,0.0,0.0,19.0
KDAL,2026-03-12,15.883333333333333,0.5575,0.901,12.0,16.0,19.0
KDAL,2026-03-13,15.883333333333333,0.6900000000000001,0.9904999999999999,6.0,7.0,19.0
KDAL,2026-03-14,15.883333333333333,0.6622222222222223,0.995,5.0,6.0,19.0
KDAL,2026-03-15,12.883333333333333,0.787,0.9994999999999999,1.0,6.0,19.0
KDAL,2026-03-16,15.883333333333333,0.8905555555555557,0.9779375,0.0,1.0,19.0
KDAL,2026-03-17,16.883333333333333,0.9354444444444445,0.926125,0.0,0.0,19.0
KDAL,2026-03-18,15.883333333333333,0.6533333333333333,0.9971666666666668,6.0,6.0,19.0
KDAL,2026-03-19,16.883333333333333,0.948125,0.9974999999999999,0.0,0.0,19.0
KDAL,2026-03-20,16.883333333333333,0.884375,0.9951111111111111,0.0,4.0,19.0
KDAL,2026-03-21,15.883333333333333,0.564375,0.994875,6.0,6.0,19.0
KDAL,2026-03-22,15.883333333333333,0.6172222222222222,0.9706666666666668,2.0,5.0,19.0
KDAL,2026-03-23,16.883333333333333,0.9427777777777777,0.9949,0.0,0.0,19.0
KDAL,2026-03-24,15.883333333333333,0.7127777755555555,0.9917222222222222,8.0,11.0,19.0
KDAL,2026-03-25,15.883333333333333,0.6994444444444444,0.992,6.0,6.0,19.0
KDAL,2026-03-26,14.883333333333333,0.03694444222222222,0.9856875,14.0,18.0,19.0
KDAL,2026-03-27,0.8833333333333333,0.368125,0.9994999999999999,31.0,54.0,19.0
KDAL,2026-03-29,16.883333333333333,0.9611999969999999,0.9943,0.0,0.0,19.0
KDAL,2026-03-30,15.883333333333333,0.7586,0.9555999999999999,7.0,10.0,19.0
KDAL,2026-04-02,16.883333333333333,0.9738,0.9964999999999999,0.0,0.0,19.0
KDAL,2026-04-03,15.883333333333333,0.36,0.98485,6.0,12.0,19.0
KDAL,2026-04-04,0.8833333333333333,0.869,0.9984999999999999,0.0,1.0,19.0
KDAL,2026-04-05,16.883333333333333,0.95875,0.9970000000000001,0.0,0.0,19.0
KDAL,2026-04-06,14.883333333333333,0.674,0.9935,9.0,11.0,19.0
KDAL,2026-04-07,15.883333333333333,0.8644999999999999,0.9952500000000001,0.0,5.0,19.0
KDAL,2026-04-08,15.883333333333333,0.9339999999999999,0.99225,0.0,0.0,19.0
KDAL,2026-04-09,10.883333333333333,0.9994999999999999,0.9995,0.0,0.0,19.0
KDAL,2026-04-10,11.283333333333333,0.9994999999999999,0.9995,0.0,0.0,19.0
KDAL,2026-04-11,11.883333333333333,0.9991,0.9995,0.0,0.0,19.0
KDAL,2026-04-12,17.716666666666665,0.74995,0.8629,2.0,2.0,19.0
KDAL,2026-04-13,13.883333333333333,0.9987999999999999,0.9994999999999999,0.0,0.0,19.0
KDAL,2026-04-14,16.883333333333333,0.9170999999999999,0.94285,0.0,0.0,19.0
KDAL,2026-04-15,13.883333333333333,0.5015,0.9810000000000001,7.0,19.0,19.0
KDAL,2026-04-16,14.883333333333333,0.359,0.9865,12.0,14.0,19.0
KDAL,2026-04-17,16.883333333333333,0.8720000000000001,0.9817500000000001,0.0,1.0,19.0
KDAL,2026-04-18,0.8833333333333333,0.8894999990000001,0.999,0.0,1.0,19.0
KDAL,2026-04-19,15.883333333333333,0.9349999999999999,0.994,0.0,0.0,19.0
KDAL,2026-04-20,0.8833333333333333,0.434,0.97115,86.0,87.0,19.0
KDAL,2026-04-21,0.8833333333333333,0.522,0.9683999999999999,34.0,97.0,19.0
KDAL,2026-04-22,15.516666666666667,0.9994999999999999,0.9994999999999999,0.0,0.0,19.0
KDAL,2026-04-23,14.883333333333333,0.9994999999999999,0.9995,0.0,0.0,19.0
KDAL,2026-04-24,0.8833333333333333,0.9994999999999999,0.9994999999999999,0.0,0.0,19.0
KDAL,2026-04-25,12.883333333333333,0.9994,0.9994999999999999,0.0,0.0,19.0
KDAL,2026-04-26,16.883333333333333,0.9019999999999999,0.9359999999999999,0.0,0.0,19.0
KDAL,2026-04-27,13.883333333333333,0.9994999999999999,0.9994999999999999,0.0,0.0,19.0
KDAL,2026-04-28,13.883333333333333,0.06999999500000001,0.9995,11.0,11.0,19.0
KDAL,2026-04-29,0.4666666666666667,0.93155,0.999,0.0,0.0,19.0
KDAL,2026-04-30,0.5833333333333334,0.9853333333333334,0.9994999999999999,0.0,0.0,19.0
KDAL,2026-05-01,0.8833333333333333,0.9915,0.999,0.0,0.0,19.0
KDAL,2026-05-02,13.883333333333333,0.9994999999999999,0.9995,0.0,0.0,19.0
KDAL,2026-05-03,10.883333333333333,0.9994999999999999,0.9995,0.0,0.0,19.0
KDAL,2026-05-04,10.883333333333333,0.9994999999999999,0.9995,0.0,0.0,19.0
KHOU,2026-03-24,14.883333333333333,0.42214285714285715,0.5742777777777778,9.0,19.0,19.0
KHOU,2026-03-25,14.883333333333333,0.65062499875,0.971875,3.0,8.0,19.0
KHOU,2026-03-26,15.883333333333333,0.78,0.992375,4.0,5.0,19.0
KHOU,2026-03-27,15.883333333333333,0.8328571428571429,0.9943333333333334,0.0,3.0,19.0
KHOU,2026-03-29,13.883333333333333,0.425,0.994,6.0,10.0,19.0
KHOU,2026-04-02,10.883333333333333,0.55999999625,0.999,14.0,20.0,19.0
KHOU,2026-04-03,12.883333333333333,0.13999999999999999,0.9994999999999999,21.0,21.0,19.0
KHOU,2026-04-04,12.883333333333333,0.426,0.9994999999999999,9.0,12.0,19.0
KHOU,2026-04-05,1.8833333333333333,0.0295,0.99175,84.0,86.0,19.0
KHOU,2026-04-06,14.883333333333333,0.45949999999999996,0.9795,12.0,13.0,19.0
KHOU,2026-04-07,15.883333333333333,0.8975,0.9974999999999999,0.0,1.0,19.0
KHOU,2026-04-08,13.883333333333333,0.8174999980000001,0.9967499999999999,0.0,4.0,19.0
KHOU,2026-04-09,10.883333333333333,0.9994999999999999,0.9995,0.0,0.0,19.0
KHOU,2026-04-10,9.883333333333333,0.9994999999999999,0.9994999999999999,0.0,0.0,19.0
KHOU,2026-04-11,9.883333333333333,0.9994999999999999,0.9995,0.0,0.0,19.0
KHOU,2026-04-12,8.883333333333333,0.9994999999999999,0.9995,0.0,0.0,19.0
KHOU,2026-04-13,11.883333333333333,0.9962,0.9995,0.0,0.0,19.0
KHOU,2026-04-14,14.883333333333333,0.505,0.9976,6.0,12.0,19.0
KHOU,2026-04-15,12.883333333333333,0.525499997,0.9960000000000001,18.0,20.0,19.0
KHOU,2026-04-16,12.883333333333333,0.5235000000000001,0.9984999999999999,12.0,22.0,19.0
KHOU,2026-04-17,12.883333333333333,0.568499995,0.9994999999999999,12.0,19.0,19.0
KHOU,2026-04-18,13.883333333333333,0.9859,0.9994999999999999,0.0,0.0,19.0
KHOU,2026-04-19,16.883333333333333,0.9236363636363637,0.993090909090909,0.0,0.0,19.0
KHOU,2026-04-20,11.883333333333333,0.51,0.99755,12.0,13.0,19.0
KHOU,2026-04-21,0.8833333333333333,0.23500000000000001,0.9887499999999999,81.0,85.0,19.0
KHOU,2026-04-22,10.883333333333333,0.9994999999999999,0.9995,0.0,0.0,19.0
KHOU,2026-04-23,9.933333333333334,0.9986,0.9994999999999999,0.0,0.0,19.0
KHOU,2026-04-24,9.883333333333333,0.9994999999999999,0.9994999999999999,0.0,0.0,19.0
KHOU,2026-04-25,11.883333333333333,0.9974000000000001,0.9994999999999999,0.0,0.0,19.0
KHOU,2026-04-26,15.883333333333333,0.55275,0.9994999999999999,1.0,1.0,19.0
KHOU,2026-04-27,11.883333333333333,0.9990500000000001,0.9995,0.0,0.0,19.0
KHOU,2026-04-28,11.883333333333333,0.9994999999999999,0.9995,0.0,0.0,19.0
KHOU,2026-04-29,12.883333333333333,0.28999999,0.9955714285714287,16.0,16.0,19.0
KHOU,2026-04-30,14.883333333333333,0.8905,0.9994999999999999,0.0,1.0,19.0
KHOU,2026-05-01,0.25,0.8472222222222222,0.9994999999999999,0.0,10.0,19.0
KHOU,2026-05-02,15.883333333333333,0.8484999999999999,0.9970000000000001,0.0,3.0,19.0
KHOU,2026-05-03,14.883333333333333,0.615,0.9970000000000001,5.0,10.0,19.0
KHOU,2026-05-04,8.883333333333333,0.9994999999999999,0.9994999999999999,0.0,0.0,19.0
KMIA,2026-02-18,10.883333333333333,0.15944444444444444,0.9992857142857143,25.0,28.0,19.0
KMIA,2026-02-19,11.883333333333333,0.42000000000000004,0.9984999999999999,22.0,22.0,19.0
KMIA,2026-02-20,12.883333333333333,0.8625,0.9984999999999999,0.0,9.0,19.0
KMIA,2026-02-21,13.883333333333333,0.571,0.9994999999999999,7.0,13.0,19.0
KMIA,2026-02-22,12.883333333333333,0.6822222222222222,0.9984999999999999,3.0,4.0,19.0
KMIA,2026-02-23,0.8833333333333333,0.7055,0.999,66.0,72.0,19.0
KMIA,2026-02-24,13.883333333333333,0.44999999999999996,0.9945,14.0,21.0,19.0
KMIA,2026-02-25,12.883333333333333,0.605,0.9994999999999999,3.0,7.0,19.0
KMIA,2026-02-26,12.883333333333333,0.8977777777777778,0.99635,0.0,1.0,19.0
KMIA,2026-02-27,12.883333333333333,0.7277777777777777,0.9987,6.0,8.0,19.0
KMIA,2026-02-28,11.883333333333333,0.433,0.999,4.0,4.0,19.0
KMIA,2026-03-01,11.883333333333333,0.73305,0.9994999999999999,1.0,3.0,19.0
KMIA,2026-03-02,10.8,0.612,0.9968999999999999,13.0,13.0,19.0
KMIA,2026-03-03,11.883333333333333,0.76,0.999,2.0,12.0,19.0
KMIA,2026-03-04,10.883333333333333,0.034499999999999996,0.9984999999999999,12.0,13.0,19.0
KMIA,2026-03-05,12.883333333333333,0.9099999999999999,0.9984,0.0,0.0,19.0
KMIA,2026-03-06,13.883333333333333,0.9513999999999999,0.9994999999999999,0.0,0.0,19.0
KMIA,2026-03-07,14.883333333333333,0.8960000000000001,0.998,0.0,1.0,19.0
KMIA,2026-03-09,13.883333333333333,0.9355499999999999,0.9994999999999999,0.0,0.0,20.0
KMIA,2026-03-10,11.883333333333333,0.72125,0.9994999999999999,5.0,8.0,20.0
KMIA,2026-03-11,13.883333333333333,0.942,0.999,0.0,0.0,20.0
KMIA,2026-03-12,17.883333333333333,0.9390909090909091,0.978,0.0,0.0,20.0
KMIA,2026-03-13,11.883333333333333,0.11399999999999999,0.9887499999999999,18.0,27.0,20.0
KMIA,2026-03-14,12.883333333333333,0.608,0.9987222222222223,5.0,16.0,20.0
KMIA,2026-03-15,10.216666666666667,0.6116666666666667,0.999,3.0,4.0,20.0
KMIA,2026-03-16,14.883333333333333,0.945,0.994,0.0,0.0,20.0
KMIA,2026-03-17,1.65,0.37775,0.996375,23.0,42.0,20.0
KMIA,2026-03-18,11.883333333333333,0.14277777777777778,0.9970555555555555,9.0,32.0,20.0
KMIA,2026-03-19,13.883333333333333,0.6333333333333333,0.9994999999999999,12.0,12.0,20.0
KMIA,2026-03-20,14.883333333333333,0.8366666666666667,0.995,0.0,12.0,20.0
KMIA,2026-03-21,12.883333333333333,0.45125,0.9995,18.0,19.0,20.0
KMIA,2026-03-22,14.883333333333333,0.8422222222222222,0.999,0.0,1.0,20.0
KMIA,2026-03-23,12.883333333333333,0.25,0.9994999999999999,12.0,18.0,20.0
KMIA,2026-03-24,14.883333333333333,0.8794444444444445,0.999,0.0,3.0,20.0
KMIA,2026-03-25,11.883333333333333,0.24055555555555555,0.9966875,19.0,24.0,20.0
KMIA,2026-03-26,12.883333333333333,0.8525,0.9991875,0.0,7.0,20.0
KMIA,2026-03-27,12.883333333333333,0.713125,0.999,3.0,4.0,20.0
KMIA,2026-03-29,13.883333333333333,0.7889999999999999,0.9964999999999999,5.0,6.0,20.0
KMIA,2026-04-06,12.883333333333333,0.9279999999999999,0.994,0.0,0.0,20.0
KMIA,2026-04-07,13.883333333333333,0.81875,0.9984999999999999,0.0,5.0,20.0
KMIA,2026-04-08,14.883333333333333,0.8352499999999999,0.9994999999999999,0.0,2.0,20.0
KMIA,2026-04-09,12.416666666666666,0.6965,0.99725,3.0,3.0,20.0
KMIA,2026-04-10,13.883333333333333,0.6599999999999999,0.9994999999999999,3.0,3.0,20.0
KMIA,2026-04-11,13.883333333333333,0.9,0.99795,0.0,0.0,20.0
KMIA,2026-04-12,13.883333333333333,0.8975,0.9994999999999999,0.0,1.0,20.0
KMIA,2026-04-13,11.883333333333333,0.6658333333333334,0.9994999999999999,11.0,21.0,20.0
KMIA,2026-04-14,11.883333333333333,0.5665,0.9994999999999999,15.0,18.0,20.0
KMIA,2026-04-15,14.883333333333333,0.8154999999999999,0.9984999999999999,0.0,3.0,20.0
KMIA,2026-04-16,11.883333333333333,0.1695,0.9974000000000001,25.0,26.0,20.0
KMIA,2026-04-17,12.883333333333333,0.8365,0.9994999999999999,0.0,7.0,20.0
KMIA,2026-04-18,13.883333333333333,0.6725,0.9984999999999999,7.0,12.0,20.0
KMIA,2026-04-19,14.883333333333333,0.6032,0.9994999999999999,1.0,1.0,20.0
KMIA,2026-04-20,12.883333333333333,0.88575,0.9994999999999999,0.0,4.0,20.0
KMIA,2026-04-21,11.883333333333333,0.8220000000000001,0.9994999999999999,0.0,1.0,20.0
KMIA,2026-04-22,13.883333333333333,0.766,0.9994999999999999,1.0,12.0,20.0
KMIA,2026-04-23,9.883333333333333,0.5965,0.9994999999999999,14.0,19.0,20.0
KMIA,2026-04-24,13.883333333333333,0.844,0.9974500000000001,0.0,3.0,20.0
KMIA,2026-04-25,13.883333333333333,0.9125,0.9994999999999999,0.0,0.0,20.0
KMIA,2026-04-26,14.883333333333333,0.885,0.9994999999999999,0.0,1.0,20.0
KMIA,2026-04-27,13.883333333333333,0.906,0.9995,0.0,0.0,20.0
KMIA,2026-04-28,12.883333333333333,0.593499995,0.9995,12.0,12.0,20.0
KMIA,2026-04-29,12.883333333333333,0.62,0.9995,5.0,6.0,20.0
KMIA,2026-04-30,12.883333333333333,0.6184999999999999,0.9965,6.0,9.0,20.0
KMIA,2026-05-01,13.883333333333333,0.43949999999999995,0.9994999999999999,7.0,13.0,20.0
KMIA,2026-05-02,16.883333333333333,0.8746,0.9994999999999999,0.0,1.0,20.0
KMIA,2026-05-03,0.8833333333333333,0.34777777777777774,0.9965999999999999,84.0,84.0,20.0
KMIA,2026-05-04,11.766666666666667,0.2925,0.9967,13.0,14.0,20.0
KORD,2026-02-18,14.85,0.5699999960000001,0.9975714285714286,6.0,8.0,18.0
KORD,2026-02-19,10.85,0.9994999999999999,0.9995,0.0,0.0,18.0
KORD,2026-02-20,1.85,0.618,0.99855,6.0,9.0,18.0
KORD,2026-02-21,0.85,0.007,0.9694499999999999,87.0,88.0,18.0
KORD,2026-02-22,11.483333333333333,0.46699999999999997,0.9968,11.0,16.0,18.0
KORD,2026-02-23,13.85,0.7695000000000001,0.99365,1.0,16.0,18.0
KORD,2026-02-24,17.85,,0.252,,,18.0
KORD,2026-02-25,13.85,0.8038888888888889,0.9894000000000001,0.0,3.0,18.0
KORD,2026-02-26,14.85,0.165,0.8073499999999999,9.0,10.0,18.0
KORD,2026-02-27,15.85,0.5966666666666667,0.9917999999999999,3.0,4.0,18.0
KORD,2026-02-28,0.85,0.9984999999999999,0.9994999999999999,0.0,0.0,18.0
KORD,2026-03-01,13.85,0.787,0.9949999999999999,1.0,1.0,18.0
KORD,2026-03-02,13.85,0.736,0.99695,4.0,7.0,18.0
KORD,2026-03-03,13.85,0.732,0.9958,1.0,6.0,18.0
KORD,2026-03-04,10.85,0.31,0.9964999999999999,14.0,15.0,18.0
KORD,2026-03-05,16.85,0.9639,0.9968999999999999,0.0,0.0,18.0
KORD,2026-03-06,14.85,0.608,0.44400000000000006,3.0,,18.0
KORD,2026-03-07,0.85,0.9994999999999999,0.9995,0.0,0.0,18.0
KORD,2026-03-09,15.85,0.546999992,0.98565,2.0,3.0,19.0
KORD,2026-03-10,0.3333333333333333,0.5505,0.9984999999999999,21.0,21.0,19.0
KORD,2026-03-11,0.7666666666666667,0.686,0.999,1.0,2.0,19.0
KORD,2026-03-12,14.85,0.3735,0.90435,11.0,14.0,19.0
KORD,2026-03-13,13.85,0.755,0.98715,14.0,16.0,19.0
KORD,2026-03-14,10.85,0.20600000000000002,0.8433333333333333,29.0,,19.0
KORD,2026-03-15,15.85,0.9633333333333334,0.9984999999999999,0.0,0.0,19.0
KORD,2026-03-16,0.08333333333333333,0.8093333333333333,0.9959375,0.0,8.0,19.0
KORD,2026-03-18,16.85,0.9694375,0.9802222222222221,0.0,0.0,19.0
KORD,2026-03-19,11.85,0.9994999999999999,0.9995,0.0,0.0,19.0
KORD,2026-03-20,13.85,0.5715555533333334,0.9988333333333332,5.0,6.0,19.0
KORD,2026-03-21,17.85,0.8070555555555555,0.9985,0.0,1.0,19.0
KORD,2026-03-22,0.85,0.8905625,0.9984999999999999,0.0,2.0,19.0
KORD,2026-03-23,13.85,0.7175,0.9965999999999999,1.0,17.0,19.0
KORD,2026-03-24,16.85,0.56999999,0.9732222222222222,6.0,7.0,19.0
KORD,2026-03-25,14.85,0.9995,0.9994999999999999,0.0,0.0,19.0
KORD,2026-03-26,10.85,0.24255555555555552,0.999,5.0,5.0,19.0
KORD,2026-03-27,14.85,0.8888571428571429,0.9871666666666666,0.0,1.0,19.0
KORD,2026-03-29,13.85,0.454999998,0.9853500000000001,10.0,18.0,19.0
KORD,2026-03-30,13.85,,0.9933333333333333,,,19.0
KORD,2026-04-01,0.2833333333333333,0.235699999,0.9845,85.0,102.0,19.0
KORD,2026-04-02,11.333333333333334,0.99875,0.9994999999999999,0.0,0.0,19.0
KORD,2026-04-03,0.85,0.9994999999999999,0.9995,0.0,0.0,19.0
KORD,2026-04-04,0.03333333333333333,0.510625,0.9994999999999999,43.0,47.0,19.0
KORD,2026-04-05,15.85,0.8055,0.9944000000000001,0.0,7.0,19.0
KORD,2026-04-06,15.85,0.8149999969999999,0.8985,0.0,1.0,19.0
KORD,2026-04-07,14.85,0.8385,0.9936999999999999,0.0,6.0,19.0
KORD,2026-04-08,10.85,0.9994999999999999,0.9995,0.0,0.0,19.0
KORD,2026-04-09,0.85,0.9994999999999999,0.9995,0.0,0.0,19.0
KORD,2026-04-10,17.85,0.9970000000000001,0.997,0.0,0.0,19.0
KORD,2026-04-11,8.85,0.9994999999999999,0.9995,0.0,0.0,19.0
KORD,2026-04-12,0.85,0.9994999999999999,0.9994999999999999,0.0,0.0,19.0
KORD,2026-04-13,13.85,0.9994999999999999,0.9994999999999999,0.0,0.0,19.0
KORD,2026-04-14,0.85,0.9994999999999999,0.9994999999999999,0.0,0.0,19.0
KORD,2026-04-15,17.85,0.9099999999999999,0.961,0.0,0.0,19.0
KORD,2026-04-16,16.85,0.95085,0.998,0.0,0.0,19.0
KORD,2026-04-17,15.85,0.8275,0.9970000000000001,0.0,6.0,19.0
KORD,2026-04-18,0.85,0.9375,0.9994999999999999,0.0,0.0,19.0
KORD,2026-04-19,10.85,0.7075,0.9849500000000001,8.0,30.0,19.0
KORD,2026-04-20,16.85,0.961,0.9833000000000001,0.0,0.0,19.0
KORD,2026-04-21,7.85,0.9994999999999999,0.9994999999999999,0.0,0.0,19.0
KORD,2026-04-22,0.85,0.9994999999999999,0.9995,0.0,0.0,19.0
KORD,2026-04-23,7.85,0.9994999999999999,0.9994999999999999,0.0,0.0,19.0
KORD,2026-04-24,0.85,0.2672222222222222,0.98935,72.0,83.0,19.0
KORD,2026-04-25,11.85,0.064375,0.9984999999999999,15.0,19.0,19.0
KORD,2026-04-26,0.85,0.9088888888888889,0.9964000000000001,0.0,0.0,19.0
KORD,2026-04-27,17.85,0.97055,0.9794999999999999,0.0,0.0,19.0
KORD,2026-04-28,0.2,0.9994999999999999,0.9994999999999999,0.0,0.0,19.0
KORD,2026-04-29,0.85,0.999,0.72,0.0,0.0,19.0
KORD,2026-04-30,0.85,0.7272222222222222,0.9994999999999999,22.0,23.0,19.0
KORD,2026-05-01,0.85,0.9702777777777778,0.9994999999999999,0.0,0.0,19.0
KORD,2026-05-02,14.85,0.9994999999999999,0.9994999999999999,0.0,0.0,19.0
KORD,2026-05-03,9.85,0.9994999999999999,0.9995,0.0,0.0,19.0
KORD,2026-05-04,0.85,0.9994999999999999,0.9995,0.0,0.0,19.0
