side,unit,n,l2_frac,mean_cal_edge,mean_raw_edge,mean_fill,win_rate,breakeven,ev_pd,ev_se,ev_t,pnl10_total,ev_l2,n_l2,pos_windows,degen_frac,band,verdict
NO,C,22,0.9090909090909091,0.03993045926254449,0.6269037211181291,0.029314817418001883,0.045454545454545456,0.030709402377221407,2.809864950357065,3.8583574699984053,0.7282541786772874,618.1702890785546,3.1957096953927726,20,1,0.4090909090909091,0.01-0.03,noise
NO,C,29,0.6551724137931034,0.0714713991309543,0.37743060830038516,0.0839646566203408,0.0,0.08770487333031332,-1.045801767168983,0.0004340690839024596,-2409.2979803279122,-303.28251247900505,-1.0461125656658161,19,0,0.10344827586206896,0.03-0.10,neg/zero
NO,C,23,0.43478260869565216,0.08809405941382338,0.21055943783567443,0.19305269695546487,0.08695652173913043,0.2005820500471757,-0.293750966381915,0.5165110594083897,-0.5687215424164906,-67.56272226784044,-1.0400610231667884,10,1,0.21739130434782608,0.10-0.25,neg/zero
NO,C,51,0.4117647058823529,0.06625353076502936,0.06245334000183696,0.4463673482533764,0.4117647058823529,0.45746861925939175,-0.05065245985103486,0.17814875865308175,-0.28432676283573216,-25.83275452402779,-0.03773817508904452,21,2,0.17647058823529413,0.25-0.50,neg/zero
NO,C,657,0.1156773211567732,0.0363760864961031,0.00117233642982524,0.7100985609420634,0.7168949771689498,0.7200186403420061,-0.005055319818649709,0.02537257112807561,-0.19924349775714398,-33.213451208528575,-0.09131879657909006,76,1,0.0471841704718417,0.50-0.75,neg/zero
NO,C,860,0.10813953488372093,0.0020180295229438663,-0.0226874324318825,0.8660663806597456,0.8534883720930233,0.8716894358449937,-0.021694394822128663,0.014123596916175034,-1.5360389390101596,-186.5717954703065,-0.040565741846645194,93,0,0.09069767441860466,0.75-0.90,neg/zero
NO,C,1823,0.08173340647284695,-0.004541009078691222,-0.01712599205565219,0.9745792573229347,0.9742183214481623,0.9757710383672203,-0.0022243329794660056,0.0038440237585957095,-0.5786470425663014,-40.549590215665276,-0.010697736412651069,149,2,0.11409764125068568,0.90-0.99,neg/zero
NO,C,10831,0.029452497460991597,3.73568805761097e-05,-0.047420007895075514,0.9985773281599806,0.9981534484350475,0.9986482909808965,-0.0004938440096343528,0.00041326571029071183,-1.1949793978478354,-53.48824468349678,0.0016007766597080722,319,0,0.16517403748499676,0.99-1.00,neg/zero
NO,F,25,0.8,0.008533049010631996,0.3289533789115153,0.043707225512556874,0.08,0.045740948159155644,1.128213268252372,1.7249022399395286,0.6540737452413099,282.053317063093,1.672502085315465,20,2,1.0,0.01-0.03,noise
NO,F,43,0.8372093023255814,0.03659475958419832,0.41816143521365806,0.0817828276342977,0.046511627906976744,0.08544891424124254,-0.5544987899148347,0.34382128775038223,-1.612752932033128,-238.43447966337894,-0.4588971657316081,36,1,1.0,0.03-0.10,neg/zero
NO,F,60,0.9,0.02803319522831367,0.3975837664366269,0.21641451606148976,0.23333333333333334,0.2243764256014225,-0.07365915759910928,0.2529445391769071,-0.29120675164128657,-44.19549455946553,-0.028948663598609866,54,1,1.0,0.10-0.25,neg/zero
NO,F,106,0.8773584905660378,0.0304623326874711,0.2236337436271833,0.42456709417285793,0.32075471698113206,0.4360818796142896,-0.2843906923328826,0.11256612997419095,-2.526432172786676,-301.4541338728556,-0.2705499880289849,93,0,1.0,0.25-0.50,neg/zero
NO,F,311,0.4405144694533762,-0.03027557942396234,-0.003265056810545254,0.6902914164991091,0.662379421221865,0.7006189956117819,-0.05899723761306402,0.039630951518442974,-1.4886656855969909,-183.4814089766291,-0.0975997450304406,137,0,1.0,0.50-0.75,neg/zero
NO,F,348,0.4166666666666667,-0.056306791474902564,-0.05495288740868209,0.8673747628407574,0.8505747126436781,0.8729851025889385,-0.026102407283896366,0.022373060700159448,-1.1666891550386014,-90.83637734795934,-0.03486314999159312,145,1,1.0,0.75-0.90,neg/zero
NO,F,723,0.4785615491009682,-0.03111083994477675,-0.05560649317068675,0.9732083687231283,0.970954356846473,0.9744816581873826,-0.003888046480934122,0.006493197292594039,-0.5987876705007439,-28.110576057153715,-0.01392531462775035,346,1,1.0,0.90-0.99,neg/zero
NO,F,3640,0.1260989010989011,-0.003202485257574237,-0.01905884864715957,0.9985429516838449,0.9978021978021978,0.9986156263753629,-0.0008169407352524937,0.0007777181812994436,-1.050432862309475,-29.736642763190787,0.0018295232127244208,459,1,1.0,0.99-1.00,neg/zero
YES,C,852,0.10915492957746478,-0.01694067848105901,-0.004292977713874776,0.02789202118210194,0.009389671361502348,0.029216894977103454,-0.7159580127252444,0.12114539259806345,-5.909907074226521,-6099.962268419083,-0.33245160617192804,93,0,0.11267605633802817,0.01-0.03,neg/zero
YES,C,967,0.08169596690796277,-0.043266397724100424,-0.031130945271818984,0.08194626000193003,0.03929679420889348,0.08561070035163745,-0.5119523325436929,0.0925396234820207,-5.532250005784374,-4950.57905569751,-0.9414857332915922,79,0,0.11685625646328852,0.03-0.10,neg/zero
YES,C,865,0.130635838150289,-0.08280064230969617,-0.058123639164776315,0.19953646622415838,0.14335260115606938,0.20727817135303944,-0.3200318140077275,0.06282097176958225,-5.094346760211788,-2768.275191166843,-0.5710927399358652,113,0,0.08901734104046242,0.10-0.25,neg/zero
YES,C,667,0.1454272863568216,-0.13059054632264214,-0.0954791544250107,0.36258972076897894,0.28335832083958024,0.3735792661610783,-0.2347135459994895,0.05011963902322767,-4.683065372651882,-1565.5393518165947,-0.412232234462502,97,0,0.047976011994003,0.25-0.50,neg/zero
YES,C,51,0.47058823529411764,-0.12560680236002392,-0.12180617808295613,0.5922595603282501,0.5882352941176471,0.6018842188217274,-0.08792704532763593,0.11814887582607789,-0.744205517935437,-44.84279311709433,-0.3798943180329082,24,1,0.17647058823529413,0.50-0.75,neg/zero
YES,C,22,0.36363636363636365,-0.16754895740947442,-0.28111832263507835,0.868632532062474,0.9545454545454546,0.874145814433044,0.10072625541797799,0.0554055291973924,1.8179820114906249,22.159776191955157,0.11807911931772117,8,2,0.18181818181818182,0.75-0.90,noise
YES,C,52,0.7307692307692307,-0.07469489405385539,-0.4997793932244194,0.9510804886166832,0.9615384615384616,0.9524856100504048,-0.008900131461681626,0.02887103389850417,-0.30827200345404837,-4.628068360074445,-0.03021232253633206,38,1,0.25,0.90-0.99,neg/zero
YES,C,775,0.14193548387096774,-0.007978050259503017,-0.6530761393521484,0.9988945645474807,0.9793548387096774,0.9989497596054779,-0.019615936906531198,0.005116724135324459,-3.8336905386608895,-152.0235110256168,-0.0167402051867101,110,0,0.1935483870967742,0.99-1.00,neg/zero
YES,F,340,0.5529411764705883,-0.007015869542259376,0.01690153522924179,0.036027623174762186,0.008823529411764706,0.03773742162417493,-0.8626961335471441,0.12213751083408743,-7.063318448654464,-2933.1668540602905,-0.7122436191679736,188,0,1.0,0.01-0.03,neg/zero
YES,F,378,0.48677248677248675,-0.012151228686358201,0.013552780722962674,0.0869436370011148,0.047619047619047616,0.09081723400623846,-0.5010119862315131,0.14491083077856276,-3.457381229130527,-1893.8253079551196,-0.5885701673007763,184,0,1.0,0.03-0.10,neg/zero
YES,F,354,0.4152542372881356,-0.02451372942438778,-0.027113343239795595,0.1985192686766683,0.14689265536723164,0.20625366016575986,-0.3415537975968695,0.09530261627191414,-3.583886895847224,-1209.1004434929182,-0.36547695987941436,147,0,1.0,0.10-0.25,neg/zero
YES,F,310,0.43870967741935485,-0.06169551881179053,-0.08672167542820307,0.3791389540031908,0.33225806451612905,0.3904766730296486,-0.16292475032834278,0.07257147591710006,-2.2450246225452983,-505.06672601786255,-0.15901815568393882,136,0,1.0,0.25-0.50,neg/zero
YES,F,108,0.8888888888888888,-0.13109668666580704,-0.3240108634930376,0.6521555463906639,0.6851851851851852,0.6627563040426007,0.017901376875844578,0.06950642208311253,0.2575499693314518,19.333487025912135,-0.009501325925701761,96,1,1.0,0.50-0.75,noise
YES,F,58,0.896551724137931,-0.11955668077319076,-0.48951541293735795,0.8586091905010514,0.7586206896551724,0.8644564383051697,-0.12077202271195667,0.0676299325792228,-1.7857776594776635,-70.04777317293487,-0.13154742344006146,52,0,1.0,0.75-0.90,neg/zero
YES,F,70,0.8,-0.06715775651775936,-0.4262083385654541,0.9662358802680988,0.9428571428571428,0.9678255643234036,-0.02528280337677998,0.029175025277296134,-0.8665906245659686,-17.69796236374598,-0.04093354525324201,56,1,1.0,0.90-0.99,neg/zero
YES,F,123,0.2032520325203252,-0.006810818489208625,-0.18421676369272597,0.9979043360433604,1.0,0.998008678080849,0.0019997635878521883,0.0001828212015688212,10.938357098038201,2.4597092130581903,0.0034036639553714676,25,3,1.0,0.99-1.00,noise
