station_id,city,latitude,longitude,timezone,market_unit,resolution_source,status
CYYZ,Toronto,43.6777,-79.6248,America/Toronto,C,wu,LIVE
DNMM,Lagos,6.45407,3.39467,Africa/Lagos,C,wu,LIVE
EDDM,Munich,48.13743,11.57549,Europe/Berlin,C,wu,LIVE
EFHK,Helsinki,60.16952,24.93545,Europe/Helsinki,C,wu,LIVE
EGLC,London,51.5053,0.0553,Europe/London,C,wu,LIVE
EHAM,Amsterdam,52.37403,4.88969,Europe/Amsterdam,C,wu,LIVE
EPWA,Warsaw,52.22977,21.01178,Europe/Warsaw,C,wu,LIVE
FACT,Cape Town,-33.92584,18.42322,Africa/Johannesburg,C,wu,LIVE
KATL,Atlanta,33.6407,-84.4277,America/New_York,F,wu,LIVE
KAUS,Austin,30.1945,-97.6699,America/Chicago,F,wu,LIVE
KBKF,Denver,39.7169,-104.7519,America/Denver,F,wu,LIVE
KDAL,Dallas,32.8471,-96.8518,America/Chicago,F,wu,LIVE
KHOU,Houston,29.6454,-95.2789,America/Chicago,F,wu,LIVE
KLAX,Los Angeles,33.9425,-118.4081,America/Los_Angeles,F,wu,LIVE
KLGA,New York City,40.7772,-73.8726,America/New_York,F,wu,LIVE
KMIA,Miami,25.7959,-80.287,America/New_York,F,wu,LIVE
KORD,Chicago,41.9742,-87.9073,America/Chicago,F,wu,LIVE
KSEA,Seattle,47.4502,-122.3088,America/Los_Angeles,F,wu,LIVE
KSFO,San Francisco,37.6213,-122.379,America/Los_Angeles,F,wu,LIVE
LEMD,Madrid,40.4165,-3.70256,Europe/Madrid,C,wu,LIVE
LFPG,Paris,49.0097,2.5478,Europe/Paris,C,wu,LIVE
LIMC,Milan,45.46427,9.18951,Europe/Rome,C,wu,LIVE
LLBG,Tel Aviv,32.0114,34.8867,Asia/Jerusalem,C,ims,LIVE
LTAC,Ankara,40.1281,32.9951,Europe/Istanbul,C,wu,LIVE
LTFM,Istanbul,41.2753,28.7519,Europe/Istanbul,C,ncei,LIVE
MMMX,Mexico City,19.4363,-99.0721,America/Mexico_City,C,wu,LIVE
MPMG,Panama City,8.9936,-79.51973,America/Panama,C,wu,LIVE
NZWN,Wellington,-41.3272,174.8052,Pacific/Auckland,C,wu,LIVE
OEJN,Jeddah,21.49012,39.18624,Asia/Riyadh,C,wu,LIVE
OPKC,Karachi,24.8608,67.0104,Asia/Karachi,C,wu,LIVE
RCTP,Taipei,25.0797,121.2342,Asia/Taipei,C,cwa,LIVE
RJTT,Tokyo,35.5533,139.7811,Asia/Tokyo,C,wu,LIVE
RKPK,Busan,35.10168,129.03004,Asia/Seoul,C,wu,LIVE
RKSI,Seoul,37.4691,126.4511,Asia/Seoul,C,wu,LIVE
RPLL,Manila,14.6042,120.9822,Asia/Manila,C,wu,LIVE
SAEZ,Buenos Aires,-34.61315,-58.37723,America/Argentina/Buenos_Aires,C,wu,LIVE
SBGR,São Paulo,-23.4356,-46.4731,America/Sao_Paulo,C,wu,LIVE
UUWW,Moscow,55.5961,37.2672,Europe/Moscow,C,ncei,LIVE
VHHH,Hong Kong,0.0,0.0,UTC,C,hko,SKIPPED
VILK,Lucknow,26.7606,80.8893,Asia/Kolkata,C,wu,LIVE
WIHH,Jakarta,-6.21462,106.84513,Asia/Jakarta,C,wu,LIVE
WMKK,Kuala Lumpur,3.1412,101.68653,Asia/Kuala_Lumpur,C,wu,LIVE
WSSS,Singapore,1.3644,103.9915,Asia/Singapore,C,wu,LIVE
ZBAA,Beijing,40.0801,116.5846,Asia/Shanghai,C,wu,LIVE
ZGGG,Guangzhou,23.11667,113.25,Asia/Shanghai,C,wu,LIVE
ZGSZ,Shenzhen,22.6393,113.8107,Asia/Shanghai,C,wu,LIVE
ZHHH,Wuhan,30.7838,114.2081,Asia/Shanghai,C,wu,LIVE
ZSPD,Shanghai,31.1443,121.8083,Asia/Shanghai,C,wu,LIVE
ZSQD,Qingdao,36.06488,120.38042,Asia/Shanghai,C,wu,LIVE
ZUCK,Chongqing,29.7192,106.6419,Asia/Shanghai,C,wu,LIVE
ZUUU,Chengdu,30.66667,104.06667,Asia/Shanghai,C,wu,LIVE
