trade_id,mode,placed_at,station_id,target_date,strategy,side,bracket_low,bracket_high,bracket_unit,model_probability,market_price,edge,stake,fill_price,observed_high,outcome,pnl
1,Paper,2026-05-09 00:00:40,LEMD,2026-05-09,NO,NO,15.5,16.5,C,0.0405,0.82,0.1321,5.0,0.82,17.0,WIN,1.05
2,Paper,2026-05-09 00:00:44,DNMM,2026-05-09,NO,NO,29.5,30.5,C,0.0139,0.896,0.0854,5.0,0.896,34.0,WIN,0.55
3,Paper,2026-05-09 00:00:44,DNMM,2026-05-09,NO,NO,30.5,31.5,C,0.0873,0.8235,0.0819,5.0,0.8235,34.0,WIN,1.03
4,Paper,2026-05-09 00:01:12,OPKC,2026-05-09,NO,NO,35.5,,C,0.0601,0.84,0.0931,5.0,0.84,34.0,WIN,0.91
5,Paper,2026-05-09 00:06:35,EFHK,2026-05-09,NO,NO,14.5,15.5,C,0.0708,0.8,0.1212,5.0,0.8,14.0,WIN,1.2
6,Paper,2026-05-09 02:00:15,OEJN,2026-05-09,NO,NO,36.5,37.5,C,0.1484,0.75,0.0922,3.75,0.75,35.0,WIN,1.2
7,Paper,2026-05-09 02:43:26,EHAM,2026-05-09,NO,NO,17.5,18.5,C,0.1602,0.74,0.0902,5.0,0.74,18.0,LOSS,-5.07
8,Paper,2026-05-09 03:02:43,SBGR,2026-05-09,NO,NO,26.5,27.5,C,0.0342,0.88,0.0805,5.0,0.88,28.0,WIN,0.65
9,Paper,2026-05-09 04:05:41,CYYZ,2026-05-09,NO,NO,15.5,16.5,C,0.1356,0.77,0.0855,5.0,0.77,16.0,LOSS,-5.06
10,Paper,2026-05-09 04:20:29,KMIA,2026-05-09,NO,NO,87.5,89.5,F,0.0286,0.89,0.0765,5.0,0.89,32.77777777777778,WIN,0.59
11,Paper,2026-05-09 04:30:14,LEMD,2026-05-09,NO,NO,16.5,17.5,C,0.1357,0.73,0.1244,5.0,0.73,17.0,LOSS,-5.07
12,Paper,2026-05-09 04:37:17,KLGA,2026-05-09,NO,NO,59.5,61.5,F,0.1348,0.74,0.1156,5.0,0.74,17.77777777777778,WIN,1.69
13,Paper,2026-05-09 06:40:33,KATL,2026-05-09,NO,NO,73.5,75.5,F,0.2034,0.71,0.0763,5.0,0.71,21.666666666666668,WIN,1.97
14,Paper,2026-05-09 10:01:38,KHOU,2026-05-09,NO,NO,89.5,,F,0.0794,0.809,0.1039,5.0,0.809,32.77777777777778,LOSS,-5.05
15,Paper,2026-05-10 00:00:38,OEJN,2026-05-10,NO,NO,36.5,,C,0.054,0.8104,0.1279,3.01,0.8104,34.0,WIN,0.68
16,Paper,2026-05-10 00:03:33,LIMC,2026-05-10,NO,NO,15.5,16.5,C,0.0324,0.83,0.1306,5.0,0.83,16.0,LOSS,-5.04
17,Paper,2026-05-10 00:06:42,EFHK,2026-05-10,NO,NO,14.5,15.5,C,0.0288,0.8063,0.1571,5.0,0.8063,15.0,LOSS,-5.05
18,Paper,2026-05-10 03:23:38,EGLC,2026-05-10,NO,NO,13.5,14.5,C,0.0931,0.79,0.1086,5.0,0.79,13.0,WIN,1.28
19,Paper,2026-05-10 04:25:34,CYYZ,2026-05-10,NO,NO,13.5,14.5,C,0.141,0.75,0.0996,5.0,0.75,13.0,WIN,1.6
20,Paper,2026-05-10 07:12:36,KSEA,2026-05-10,NO,NO,61.5,63.5,F,0.0094,0.89,0.0957,5.0,0.89,17.77777777777778,WIN,0.59
21,Paper,2026-05-10 07:55:27,MPMG,2026-05-10,NO,NO,31.5,32.5,C,0.1087,0.78,0.1027,5.0,0.78,34.0,WIN,1.36
22,Paper,2026-05-10 09:37:27,KSFO,2026-05-10,NO,NO,65.5,,F,0.1957,0.66,0.1331,5.0,0.66,17.77777777777778,WIN,2.49
23,Paper,2026-05-10 10:52:13,KSEA,2026-05-10,NO,NO,63.5,65.5,F,0.0541,0.72,0.2158,5.0,0.72,17.77777777777778,WIN,1.87
24,Paper,2026-05-11 00:10:11,OEJN,2026-05-11,NO,NO,36.5,,C,0.0763,0.75,0.1644,5.0,0.75,34.0,WIN,1.6
25,Paper,2026-05-11 00:11:15,EPWA,2026-05-11,NO,NO,20.5,21.5,C,0.0328,0.75,0.2078,5.0,0.75,23.0,WIN,1.6
26,Paper,2026-05-11 00:13:27,EGLC,2026-05-11,NO,NO,11.5,12.5,C,0.0823,0.78,0.1292,5.0,0.78,12.0,LOSS,-5.05
27,Paper,2026-05-11 00:13:29,LIMC,2026-05-11,NO,NO,17.5,18.5,C,0.0925,0.75,0.1481,5.0,0.75,21.0,WIN,1.6
28,Paper,2026-05-11 03:02:34,SBGR,2026-05-11,NO,NO,21.5,22.5,C,0.1299,0.762,0.099,5.0,0.762,17.0,WIN,1.5
29,Paper,2026-05-11 03:02:34,SBGR,2026-05-11,TAIL,YES,17.5,18.5,C,0.0844,0.0293,0.0537,2.0,0.0293,17.0,CLOSED,13.81
30,Paper,2026-05-11 04:07:34,KLGA,2026-05-11,TAIL,YES,59.5,61.5,F,0.1941,0.0481,0.1437,2.0,0.0481,16.11111111111111,CLOSED,9.95
31,Paper,2026-05-11 04:17:10,KLGA,2026-05-11,TAIL,YES,57.5,59.5,F,0.0553,0.0297,0.0241,2.0,0.0297,16.11111111111111,LOSS,-2.1
32,Paper,2026-05-11 05:04:08,KORD,2026-05-11,NO,NO,53.5,55.5,F,0.1398,0.74,0.1106,5.0,0.74,12.777777777777779,LOSS,-5.07
33,Paper,2026-05-11 05:08:34,KAUS,2026-05-11,NO,NO,81.5,83.5,F,0.1533,0.74,0.0971,5.0,0.74,26.666666666666668,WIN,1.69
34,Paper,2026-05-11 05:57:30,SAEZ,2026-05-11,NO,NO,18.5,19.5,C,0.1304,0.77,0.0908,5.0,0.77,17.0,WIN,1.44
35,Paper,2026-05-11 07:02:11,KSEA,2026-05-11,NO,NO,65.5,67.5,F,0.0622,0.8,0.1298,5.0,0.8,21.666666666666668,WIN,1.2
36,Paper,2026-05-11 08:01:19,KHOU,2026-05-11,NO,NO,77.5,79.5,F,0.0402,0.842,0.1112,4.21,0.842,27.22222222222222,WIN,0.76
37,Paper,2026-05-11 09:01:31,KHOU,2026-05-11,NO,NO,79.5,81.5,F,0.1615,0.7228,0.1057,5.0,0.7228,27.22222222222222,LOSS,-5.07
38,Paper,2026-05-11 10:31:04,KHOU,2026-05-11,NO,NO,75.5,77.5,F,0.0048,0.9,0.0907,5.0,0.9,27.22222222222222,WIN,0.53
39,Paper,2026-05-12 00:00:32,LEMD,2026-05-12,NO,NO,,16.5,C,0.0752,0.809,0.1081,5.0,0.809,18.0,WIN,1.13
40,Paper,2026-05-12 00:12:05,LTAC,2026-05-12,NO,NO,20.5,21.5,C,0.1677,0.72,0.1022,5.0,0.72,24.0,WIN,1.87
41,Paper,2026-05-12 02:33:26,EGLC,2026-05-12,NO,NO,14.5,15.5,C,0.0935,0.8,0.0985,5.0,0.8,16.0,WIN,1.2
42,Paper,2026-05-12 02:43:17,EHAM,2026-05-12,NO,NO,10.5,11.5,C,0.0826,0.82,0.0901,5.0,0.82,13.0,WIN,1.05
43,Paper,2026-05-12 04:00:07,KMIA,2026-05-12,NO,NO,85.5,87.5,F,0.0045,0.87,0.1198,5.0,0.87,32.77777777777778,WIN,0.71
44,Paper,2026-05-12 04:10:11,KATL,2026-05-12,NO,NO,,71.5,F,0.0322,0.864,0.0979,5.0,0.864,22.77777777777778,WIN,0.75
45,Paper,2026-05-12 05:04:35,KDAL,2026-05-12,TAIL,YES,77.5,79.5,F,0.1402,0.0284,0.1105,2.0,0.0284,30.0,LOSS,-2.1
46,Paper,2026-05-12 05:05:32,MPMG,2026-05-12,NO,NO,29.5,30.5,C,0.0315,0.86,0.1025,5.0,0.86,33.0,WIN,0.78
47,Paper,2026-05-12 06:12:20,SBGR,2026-05-12,NO,NO,21.5,22.5,C,0.1105,0.76,0.1204,5.0,0.76,20.0,WIN,1.52
48,Paper,2026-05-12 06:17:17,KLGA,2026-05-12,NO,NO,61.5,63.5,F,0.0091,0.84,0.1441,5.0,0.84,19.444444444444443,WIN,0.91
49,Paper,2026-05-12 06:19:22,MMMX,2026-05-12,TAIL,YES,19.5,20.5,C,0.1276,0.02,0.1067,2.0,0.02,25.0,LOSS,-2.1
50,Paper,2026-05-12 06:39:05,MMMX,2026-05-12,NO,NO,23.5,24.5,C,0.0002,0.81,0.1821,4.21,0.81,25.0,WIN,0.95
51,Paper,2026-05-12 07:01:27,KHOU,2026-05-12,NO,NO,87.5,89.5,F,0.0109,0.8911,0.0931,5.0,0.8911,29.444444444444443,WIN,0.58
52,Paper,2026-05-12 07:04:22,KLAX,2026-05-12,NO,NO,63.5,65.5,F,0.0712,0.759,0.1606,5.0,0.759,18.88888888888889,WIN,1.53
53,Paper,2026-05-12 07:42:16,SBGR,2026-05-12,NO,NO,22.5,23.5,C,0.0118,0.87,0.1126,5.0,0.87,20.0,WIN,0.71
54,Paper,2026-05-12 08:09:28,MMMX,2026-05-12,NO,NO,22.5,23.5,C,0.0239,0.76,0.207,5.0,0.76,25.0,WIN,1.52
55,Paper,2026-05-13 00:01:25,EPWA,2026-05-13,NO,NO,11.5,12.5,C,0.0013,0.8027,0.1881,5.0,0.8027,12.0,LOSS,-5.05
56,Paper,2026-05-13 00:02:14,EDDM,2026-05-13,NO,NO,12.5,13.5,C,0.0068,0.8881,0.1002,5.0,0.8881,14.0,WIN,0.6
57,Paper,2026-05-13 00:02:24,LTAC,2026-05-13,NO,NO,20.5,21.5,C,0.0505,0.79,0.1512,5.0,0.79,22.0,WIN,1.28
58,Paper,2026-05-13 00:06:22,FACT,2026-05-13,NO,NO,15.5,16.5,C,0.0031,0.8922,0.0999,5.0,0.8922,18.0,WIN,0.58
59,Paper,2026-05-13 01:02:02,LTAC,2026-05-13,NO,NO,22.5,23.5,C,0.1732,0.72,0.0967,5.0,0.72,22.0,WIN,1.87
60,Paper,2026-05-13 01:11:11,OPKC,2026-05-13,NO,NO,35.5,36.5,C,0.0178,0.88,0.0969,5.0,0.88,40.0,WIN,0.65
61,Paper,2026-05-13 01:33:19,EGLC,2026-05-13,NO,NO,13.5,14.5,C,0.117,0.7822,0.0923,5.0,0.7822,13.0,WIN,1.34
62,Paper,2026-05-13 03:07:14,SAEZ,2026-05-13,NO,NO,16.5,17.5,C,0.0314,0.76,0.1995,5.0,0.76,15.0,WIN,1.52
63,Paper,2026-05-13 03:36:17,EFHK,2026-05-13,NO,NO,17.5,18.5,C,0.127,0.7672,0.0969,5.0,0.7672,18.0,LOSS,-5.06
64,Paper,2026-05-13 04:05:34,CYYZ,2026-05-13,NO,NO,13.5,14.5,C,0.1047,0.75,0.1359,5.0,0.75,16.0,WIN,1.6
65,Paper,2026-05-13 04:05:34,CYYZ,2026-05-13,TAIL,YES,17.5,18.5,C,0.1321,0.0455,0.0844,2.0,0.0455,16.0,LOSS,-2.1
66,Paper,2026-05-13 05:01:09,KHOU,2026-05-13,TAIL,YES,83.5,85.5,F,0.119,0.0616,0.0544,2.0,0.0616,32.22222222222222,LOSS,-2.09
67,Paper,2026-05-13 05:14:14,KORD,2026-05-13,TAIL,YES,57.5,59.5,F,0.0631,0.0353,0.0261,1.5,0.0353,14.444444444444445,CLOSED,10.29
68,Paper,2026-05-13 05:15:19,MPMG,2026-05-13,NO,NO,30.5,31.5,C,0.0629,0.82,0.1097,5.0,0.82,33.0,WIN,1.05
69,Paper,2026-05-13 06:10:16,KMIA,2026-05-13,NO,NO,91.5,93.5,F,0.0285,0.8755,0.0906,5.0,0.8755,34.44444444444444,WIN,0.68
70,Paper,2026-05-13 07:02:17,KSEA,2026-05-13,TAIL,YES,63.5,65.5,F,0.0729,0.0365,0.0346,2.0,0.0365,13.333333333333334,LOSS,-2.1
71,Paper,2026-05-13 07:07:34,KSFO,2026-05-13,NO,NO,59.5,61.5,F,0.011,0.869,0.1143,5.0,0.869,18.333333333333332,WIN,0.72
72,Paper,2026-05-13 07:14:12,KLAX,2026-05-13,NO,NO,63.5,65.5,F,0.0647,0.82,0.1079,2.56,0.82,20.555555555555557,WIN,0.54
73,Paper,2026-05-13 07:17:12,KLGA,2026-05-13,NO,NO,65.5,67.5,F,0.1148,0.7426,0.133,5.0,0.7426,21.666666666666668,WIN,1.67
74,Paper,2026-05-13 07:22:31,KSEA,2026-05-13,TAIL,YES,53.5,55.5,F,0.0828,0.0458,0.0348,2.0,0.0458,13.333333333333334,LOSS,-2.1
75,Paper,2026-05-13 07:24:20,KORD,2026-05-13,NO,NO,57.5,59.5,F,0.0553,0.787,0.1493,5.0,0.787,14.444444444444445,LOSS,-5.05
76,Paper,2026-05-13 07:42:21,KSEA,2026-05-13,TAIL,YES,61.5,63.5,F,0.0907,0.04,0.0487,2.0,0.04,13.333333333333334,LOSS,-2.1
77,Paper,2026-05-13 10:05:09,CYYZ,2026-05-13,NO,NO,12.5,13.5,C,0.032,0.861,0.101,5.0,0.861,16.0,WIN,0.77
78,Paper,2026-05-14 01:31:11,EPWA,2026-05-14,NO,NO,16.5,17.5,C,0.0913,0.7864,0.1139,5.0,0.7864,18.0,WIN,1.31
79,Paper,2026-05-14 01:32:22,LTAC,2026-05-14,NO,NO,19.5,20.5,C,0.0,0.84,0.1533,5.0,0.84,22.0,WIN,0.91
80,Paper,2026-05-14 01:33:03,LIMC,2026-05-14,NO,NO,15.5,16.5,C,0.0156,0.76,0.2153,5.0,0.76,18.0,WIN,1.52
81,Paper,2026-05-14 01:36:09,FACT,2026-05-14,NO,NO,19.5,20.5,C,0.0552,0.8,0.1368,5.0,0.8,18.0,WIN,1.2
82,Paper,2026-05-14 01:37:14,LFPG,2026-05-14,NO,NO,12.5,13.5,C,0.1437,0.74,0.1066,5.0,0.74,13.0,WIN,1.69
83,Paper,2026-05-14 02:00:29,OEJN,2026-05-14,NO,NO,38.5,39.5,C,0.0917,0.79,0.11,5.0,0.79,39.0,LOSS,-5.05
84,Paper,2026-05-14 02:02:22,EDDM,2026-05-14,NO,NO,11.5,12.5,C,0.1542,0.73,0.1059,5.0,0.73,13.0,WIN,1.78
85,Paper,2026-05-14 03:07:33,SAEZ,2026-05-14,TAIL,YES,18.5,19.5,C,0.1515,0.0307,0.1193,2.0,0.0307,17.0,LOSS,-2.1
86,Paper,2026-05-14 04:00:24,KATL,2026-05-14,NO,NO,75.5,77.5,F,0.0677,0.78,0.1437,5.0,0.78,24.444444444444443,LOSS,-5.05
87,Paper,2026-05-14 04:05:06,CYYZ,2026-05-14,TAIL,YES,8.5,9.5,C,0.0828,0.0206,0.0612,2.0,0.0206,11.0,LOSS,-2.1
88,Paper,2026-05-14 04:07:24,KLGA,2026-05-14,NO,NO,59.5,61.5,F,0.0273,0.8421,0.124,5.0,0.8421,19.444444444444443,WIN,0.9
89,Paper,2026-05-14 04:15:19,CYYZ,2026-05-14,NO,NO,13.5,,C,0.05,0.84,0.1033,5.0,0.84,11.0,WIN,0.91
90,Paper,2026-05-15 03:22:22,EDDM,2026-05-15,NO,NO,14.5,15.5,C,0.0327,0.79,0.169,5.0,0.79,15.0,LOSS,-5.05
91,Paper,2026-05-15 03:22:29,LTAC,2026-05-15,NO,NO,15.5,16.5,C,0.0049,0.9,0.0906,5.0,0.9,17.0,WIN,0.53
92,Paper,2026-05-15 03:27:13,SAEZ,2026-05-15,NO,NO,18.5,19.5,C,0.1066,0.75,0.134,5.0,0.75,18.0,WIN,1.6
93,Paper,2026-05-15 03:27:13,SAEZ,2026-05-15,TAIL,YES,15.5,16.5,C,0.1978,0.068,0.1267,2.0,0.068,18.0,LOSS,-2.09
94,Paper,2026-05-15 03:30:17,LEMD,2026-05-15,NO,NO,15.5,16.5,C,0.0472,0.78,0.1642,5.0,0.78,17.0,WIN,1.36
95,Paper,2026-05-15 03:40:18,DNMM,2026-05-15,NO,NO,29.5,30.5,C,0.0428,0.81,0.1395,5.0,0.81,32.0,WIN,1.13
96,Paper,2026-05-15 04:12:27,SBGR,2026-05-15,NO,NO,22.5,23.5,C,0.0424,0.86,0.0916,5.0,0.86,19.0,WIN,0.78
97,Paper,2026-05-15 08:05:04,MPMG,2026-05-15,NO,NO,30.5,31.5,C,0.0576,0.84,0.0956,5.0,0.84,34.0,WIN,0.91
98,Paper,2026-05-15 09:02:12,SBGR,2026-05-15,NO,NO,21.5,22.5,C,0.139,0.76,0.0918,5.0,0.76,19.0,WIN,1.52
99,Paper,2026-05-16 00:03:29,EHAM,2026-05-16,NO,NO,13.5,14.5,C,0.0178,0.79,0.1839,5.0,0.79,12.0,WIN,1.28
100,Paper,2026-05-16 00:06:08,FACT,2026-05-16,NO,NO,19.5,20.5,C,0.0602,0.84,0.0931,4.2,0.84,22.0,WIN,0.77
101,Paper,2026-05-16 00:22:09,EDDM,2026-05-16,NO,NO,13.5,14.5,C,0.1514,0.74,0.099,5.0,0.74,13.0,WIN,1.69
102,Paper,2026-05-16 00:23:29,EHAM,2026-05-16,NO,NO,11.5,12.5,C,0.1037,0.7905,0.0975,5.0,0.7905,12.0,LOSS,-5.05
103,Paper,2026-05-16 00:51:21,EPWA,2026-05-16,NO,NO,14.5,15.5,C,0.1251,0.77,0.0961,5.0,0.77,15.0,LOSS,-5.06
104,Paper,2026-05-16 01:57:26,LFPG,2026-05-16,NO,NO,16.5,17.5,C,0.0442,0.848,0.1014,5.0,0.848,15.0,WIN,0.86
105,Paper,2026-05-16 02:23:15,LIMC,2026-05-16,NO,NO,18.5,19.5,C,0.0697,0.8302,0.093,5.0,0.8302,22.0,WIN,0.98
106,Paper,2026-05-16 03:07:13,SAEZ,2026-05-16,TAIL,YES,16.5,17.5,C,0.1856,0.0493,0.134,2.0,0.0493,14.0,LOSS,-2.1
107,Paper,2026-05-16 05:01:23,KHOU,2026-05-16,NO,NO,83.5,85.5,F,0.0278,0.85,0.1158,5.0,0.85,31.11111111111111,WIN,0.84
108,Paper,2026-05-16 05:04:28,KDAL,2026-05-16,NO,NO,85.5,87.5,F,0.063,0.73,0.1972,5.0,0.73,30.555555555555557,LOSS,-5.07
109,Paper,2026-05-16 05:08:10,KAUS,2026-05-16,NO,NO,85.5,87.5,F,0.051,0.8,0.141,5.0,0.8,32.22222222222222,WIN,1.2
110,Paper,2026-05-16 05:55:10,CYYZ,2026-05-16,NO,NO,20.5,21.5,C,0.0807,0.81,0.1016,5.0,0.81,21.0,LOSS,-5.05
111,Paper,2026-05-16 06:06:20,KBKF,2026-05-16,NO,NO,75.5,77.5,F,0.0947,0.79,0.107,5.0,0.79,25.0,LOSS,-5.05
112,Paper,2026-05-16 06:06:20,KBKF,2026-05-16,TAIL,YES,83.5,,F,0.0819,0.04,0.04,2.0,0.04,25.0,LOSS,-2.1
113,Paper,2026-05-16 06:47:31,SAEZ,2026-05-16,NO,NO,13.5,14.5,C,0.1494,0.75,0.0912,5.0,0.75,14.0,LOSS,-5.06
114,Paper,2026-05-16 07:00:30,KATL,2026-05-16,NO,NO,87.5,89.5,F,0.0785,0.82,0.0941,5.0,0.82,30.0,WIN,1.05
115,Paper,2026-05-17 01:00:27,LEMD,2026-05-17,NO,NO,20.5,21.5,C,0.071,0.77,0.1501,5.0,0.77,22.0,WIN,1.44
116,Paper,2026-05-17 01:02:03,LTAC,2026-05-17,NO,NO,17.5,18.5,C,0.0003,0.81,0.182,5.0,0.81,18.0,LOSS,-5.05
117,Paper,2026-05-17 04:00:22,KMIA,2026-05-17,TAIL,YES,81.5,83.5,F,0.1171,0.019,0.0972,2.0,0.019,30.555555555555557,CLOSED,24.17
118,Paper,2026-05-17 04:05:28,CYYZ,2026-05-17,NO,NO,23.5,24.5,C,0.1534,0.72,0.1165,5.0,0.72,26.0,WIN,1.87
119,Paper,2026-05-17 05:05:22,MPMG,2026-05-17,NO,NO,30.5,31.5,C,0.0993,0.75,0.1413,5.0,0.75,35.0,WIN,1.6
120,Paper,2026-05-17 05:08:22,KAUS,2026-05-17,NO,NO,85.5,87.5,F,0.0745,0.8218,0.0964,5.0,0.8218,30.555555555555557,LOSS,-5.04
121,Paper,2026-05-17 06:06:16,KBKF,2026-05-17,TAIL,YES,71.5,73.5,F,0.1452,0.0645,0.0777,2.0,0.0645,20.0,LOSS,-2.09
122,Paper,2026-05-17 07:02:08,KSEA,2026-05-17,NO,NO,63.5,,F,0.1852,0.604,0.1989,5.0,0.604,15.0,WIN,3.18
123,Paper,2026-05-18 00:00:23,LEMD,2026-05-18,NO,NO,25.5,26.5,C,0.0076,0.885,0.1024,5.0,0.885,24.0,WIN,0.62
124,Paper,2026-05-18 00:00:30,OEJN,2026-05-18,NO,NO,43.5,44.5,C,0.0,0.79,0.2017,5.0,0.79,48.0,WIN,1.28
125,Paper,2026-05-18 00:00:30,OEJN,2026-05-18,NO,NO,45.5,46.5,C,0.0005,0.83,0.1624,4.88,0.83,48.0,WIN,0.96
126,Paper,2026-05-18 00:00:30,OEJN,2026-05-18,NO,NO,46.5,47.5,C,0.0107,0.89,0.0944,5.0,0.89,48.0,WIN,0.59
127,Paper,2026-05-18 00:01:13,OPKC,2026-05-18,NO,NO,35.5,,C,0.0547,0.79,0.147,5.0,0.79,35.0,WIN,1.28
128,Paper,2026-05-18 00:02:30,LTAC,2026-05-18,NO,NO,14.5,15.5,C,0.0183,0.83,0.1446,5.0,0.83,16.0,WIN,0.98
129,Paper,2026-05-18 00:03:11,LIMC,2026-05-18,NO,NO,18.5,19.5,C,0.0009,0.89,0.1042,5.0,0.89,21.0,WIN,0.59
130,Paper,2026-05-18 02:07:11,LFPG,2026-05-18,NO,NO,15.5,16.5,C,0.1286,0.72,0.1413,5.0,0.72,15.0,WIN,1.87
131,Paper,2026-05-20 00:07:27,LFPG,2026-05-20,NO,NO,21.5,22.5,C,0.0109,0.89,0.0942,5.0,0.89,20.0,WIN,0.59
132,Paper,2026-05-20 01:02:18,EDDM,2026-05-20,NO,NO,16.5,17.5,C,0.0223,0.7911,0.1783,5.0,0.7911,19.0,WIN,1.27
133,Paper,2026-05-20 01:02:22,LTAC,2026-05-20,NO,NO,14.5,15.5,C,0.0,0.9,0.0955,5.0,0.9,18.0,WIN,0.53
134,Paper,2026-05-20 03:00:22,OEJN,2026-05-20,NO,NO,34.5,35.5,C,0.0004,0.901,0.0942,5.0,0.901,36.0,WIN,0.52
135,Paper,2026-05-20 03:06:13,FACT,2026-05-20,NO,NO,25.5,26.5,C,0.0,0.8964,0.0989,5.0,0.8964,23.0,WIN,0.55
136,Paper,2026-05-20 04:01:15,EPWA,2026-05-20,NO,NO,20.5,21.5,C,0.022,0.79,0.1797,5.0,0.79,23.0,WIN,1.28
137,Paper,2026-05-20 05:04:12,KDAL,2026-05-20,NO,NO,73.5,75.5,F,0.0266,0.86,0.1073,5.0,0.86,27.22222222222222,WIN,0.78
138,Paper,2026-05-20 06:00:23,KATL,2026-05-20,NO,NO,,83.5,F,0.0061,0.89,0.099,5.0,0.89,31.666666666666668,WIN,0.59
139,Paper,2026-05-20 06:02:09,SBGR,2026-05-20,NO,NO,20.5,21.5,C,0.0536,0.8,0.1384,5.0,0.8,21.0,LOSS,-5.05
140,Paper,2026-05-20 07:04:31,KDAL,2026-05-20,NO,NO,75.5,77.5,F,0.0904,0.791,0.1103,5.0,0.791,27.22222222222222,WIN,1.27
141,Paper,2026-05-20 07:07:21,KSFO,2026-05-20,NO,NO,69.5,71.5,F,0.0013,0.85,0.1423,5.0,0.85,,CANCELLED,
142,Paper,2026-05-20 07:07:21,KSFO,2026-05-20,NO,NO,67.5,69.5,F,0.0,0.88,0.1147,5.0,0.88,,CANCELLED,
143,Paper,2026-05-20 08:01:28,KHOU,2026-05-20,NO,NO,79.5,81.5,F,0.0685,0.82,0.1042,5.0,0.82,,CANCELLED,
144,Paper,2026-05-20 08:01:28,KHOU,2026-05-20,NO,NO,77.5,79.5,F,0.0086,0.89,0.0965,5.0,0.89,26.666666666666668,WIN,0.59
145,Paper,2026-05-20 08:02:19,SBGR,2026-05-20,NO,NO,21.5,22.5,C,0.0026,0.89,0.1025,5.0,0.89,21.0,WIN,0.59
146,Paper,2026-05-20 08:07:15,KSFO,2026-05-20,NO,NO,71.5,73.5,F,0.0742,0.8,0.1178,5.0,0.8,,CANCELLED,
147,Paper,2026-05-20 13:02:13,KSEA,2026-05-20,NO,NO,67.5,,F,0.2151,0.55,0.2226,5.0,0.55,,CANCELLED,
148,Paper,2026-05-21 00:01:17,EPWA,2026-05-21,NO,NO,21.5,22.5,C,0.0262,0.76,0.2047,5.0,0.76,,CANCELLED,
149,Paper,2026-05-21 00:02:10,LTAC,2026-05-21,NO,NO,17.5,18.5,C,0.0995,0.72,0.1704,5.0,0.72,,CANCELLED,
150,Paper,2026-05-21 00:02:10,LTAC,2026-05-21,NO,NO,16.5,17.5,C,0.0005,0.86,0.1335,5.0,0.86,,CANCELLED,
151,Live,2026-05-21 01:01:24,EPWA,2026-05-21,NO,NO,21.5,22.5,C,0.0262,0.73,0.234,5.3,,,CANCELLED,0.0
152,Live,2026-05-21 01:02:12,LTAC,2026-05-21,NO,NO,16.5,17.5,C,0.0005,0.87,0.1238,5.3,,,CANCELLED,0.0
153,Live,2026-05-21 01:06:17,EFHK,2026-05-21,NO,NO,16.5,17.5,C,0.0084,0.82,0.1642,5.3,,,CANCELLED,0.0
154,Live,2026-05-21 01:06:24,EFHK,2026-05-21,NO,NO,18.5,19.5,C,0.1225,0.76,0.1084,5.3,,,CANCELLED,0.0
155,Live,2026-05-21 01:07:17,LFPG,2026-05-21,NO,NO,24.5,25.5,C,0.1327,0.74,0.1177,5.3,,,CANCELLED,0.0
156,Live,2026-05-21 02:00:03,LEMD,2026-05-21,NO,NO,32.5,33.5,C,0.0893,0.8123,0.0907,5.3,,,CANCELLED,0.0
157,Live,2026-05-21 02:01:02,EPWA,2026-05-21,NO,NO,21.5,22.5,C,0.0262,0.73,0.234,5.3,,,CANCELLED,0.0
158,Live,2026-05-21 02:02:05,LTAC,2026-05-21,NO,NO,16.5,17.5,C,0.0005,0.83,0.1624,5.3,,,CANCELLED,0.0
159,Live,2026-05-21 02:06:06,FACT,2026-05-21,NO,NO,20.5,21.5,C,0.0611,0.84,0.0922,5.3,,,CANCELLED,0.0
160,Live,2026-05-21 02:06:27,EFHK,2026-05-21,NO,NO,16.5,17.5,C,0.0084,0.82,0.1642,5.3,,,CANCELLED,0.0
161,Live,2026-05-21 02:06:34,EFHK,2026-05-21,NO,NO,18.5,19.5,C,0.1225,0.76,0.1084,5.3,,,CANCELLED,0.0
162,Live,2026-05-21 02:07:17,LFPG,2026-05-21,NO,NO,24.5,25.5,C,0.1327,0.72,0.1373,5.3,,,CANCELLED,0.0
163,Live,2026-05-21 03:01:04,EPWA,2026-05-21,NO,NO,21.5,22.5,C,0.0262,0.77,0.195,5.3,,,CANCELLED,0.0
164,Live,2026-05-21 03:02:07,SBGR,2026-05-21,NO,NO,18.5,19.5,C,0.0065,0.88,0.1082,5.3,,,CANCELLED,0.0
165,Live,2026-05-21 03:02:13,EDDM,2026-05-21,NO,NO,19.5,20.5,C,0.1051,0.78,0.1064,5.04,,,CANCELLED,0.0
166,Live,2026-05-21 03:02:22,LTAC,2026-05-21,NO,NO,16.5,17.5,C,0.0005,0.82,0.1721,5.3,,,CANCELLED,0.0
167,Live,2026-05-21 03:03:17,LIMC,2026-05-21,NO,NO,25.5,26.5,C,0.0156,0.88,0.0991,5.3,,,CANCELLED,0.0
168,Live,2026-05-21 03:06:02,EFHK,2026-05-21,NO,NO,18.5,19.5,C,0.1225,0.76,0.1084,5.3,,,CANCELLED,0.0
169,Live,2026-05-21 03:06:21,FACT,2026-05-21,NO,NO,20.5,21.5,C,0.0611,0.84,0.0922,5.3,,,CANCELLED,0.0
170,Live,2026-05-21 03:07:04,LFPG,2026-05-21,NO,NO,24.5,25.5,C,0.1327,0.7388,0.1189,5.3,,,CANCELLED,0.0
171,Live,2026-05-21 04:01:05,EPWA,2026-05-21,NO,NO,21.5,22.5,C,0.0262,0.77,0.195,5.3,,,CANCELLED,0.0
172,Live,2026-05-21 04:05:34,CYYZ,2026-05-21,NO,NO,12.5,13.5,C,0.0348,0.86,0.0991,5.3,,,CANCELLED,0.0
173,Live,2026-05-21 04:06:06,FACT,2026-05-21,NO,NO,20.5,21.5,C,0.0611,0.84,0.0922,5.3,,,CANCELLED,0.0
174,Live,2026-05-21 04:07:22,LFPG,2026-05-21,NO,NO,24.5,25.5,C,0.1327,0.72,0.1373,5.3,,,CANCELLED,0.0
175,Live,2026-05-21 04:07:28,KLGA,2026-05-21,TAIL,YES,71.5,73.5,F,0.1084,0.0201,0.0874,2.02,,,CANCELLED,0.0
176,Paper,2026-05-21 05:05:28,CYYZ,2026-05-21,NO,NO,12.5,13.5,C,0.0348,0.84,0.1184,5.0,0.84,,CANCELLED,
177,Paper,2026-05-21 05:05:28,CYYZ,2026-05-21,NO,NO,13.5,14.5,C,0.145,0.7303,0.1149,5.0,0.7303,,CANCELLED,
178,Live,2026-05-21 06:05:15,CYYZ,2026-05-21,NO,NO,12.5,13.5,C,0.0348,0.83,0.1281,5.3,,,CANCELLED,0.0
179,Live,2026-05-21 07:04:27,KDAL,2026-05-21,NO,NO,75.5,77.5,F,0.0766,0.7129,0.2003,5.3,,,CANCELLED,0.0
180,Live,2026-05-21 07:04:29,KLAX,2026-05-21,TAIL,YES,67.5,69.5,F,0.0834,0.0195,0.063,2.02,,,CANCELLED,0.0
181,Live,2026-05-21 07:04:34,KDAL,2026-05-21,NO,NO,,75.5,F,0.0064,0.81,0.1759,5.3,,,CANCELLED,0.0
182,Live,2026-05-21 07:05:22,CYYZ,2026-05-21,NO,NO,12.5,13.5,C,0.0348,0.85,0.1088,5.3,,,CANCELLED,0.0
183,Live,2026-05-21 07:05:29,CYYZ,2026-05-21,NO,NO,13.5,14.5,C,0.145,0.75,0.0956,5.3,,,CANCELLED,0.0
184,Live,2026-05-21 08:02:03,SBGR,2026-05-21,NO,NO,18.5,19.5,C,0.0224,0.84,0.1308,5.3,,,CANCELLED,0.0
185,Live,2026-05-21 08:04:07,KDAL,2026-05-21,NO,NO,,75.5,F,0.0064,0.8,0.1856,5.3,,,CANCELLED,0.0
186,Live,2026-05-21 08:05:15,CYYZ,2026-05-21,NO,NO,12.5,13.5,C,0.0348,0.86,0.0991,5.3,,,CANCELLED,0.0
187,Live,2026-05-21 08:05:21,CYYZ,2026-05-21,NO,NO,13.5,14.5,C,0.145,0.75,0.0956,5.3,,,CANCELLED,0.0
188,Paper,2026-05-21 09:02:19,SBGR,2026-05-21,NO,NO,18.5,19.5,C,0.0224,0.85,0.1212,5.0,0.85,,CANCELLED,
189,Paper,2026-05-21 09:04:17,KDAL,2026-05-21,NO,NO,,75.5,F,0.0064,0.8,0.1856,5.0,0.8,,CANCELLED,
190,Paper,2026-05-21 10:07:04,KSFO,2026-05-21,NO,NO,67.5,69.5,F,0.1182,0.77,0.1029,3.85,0.77,,CANCELLED,
191,Paper,2026-05-21 10:17:17,KSFO,2026-05-21,NO,NO,67.5,69.5,F,0.1182,0.75,0.1224,1.15,0.75,,CANCELLED,
192,Live,2026-05-21 11:04:05,KDAL,2026-05-21,NO,NO,,75.5,F,0.0064,0.77,0.2147,5.0,0.77,24.444444444444443,WIN,1.44
193,Live,2026-05-21 12:04:12,KLAX,2026-05-21,NO,NO,73.5,,F,0.2995,0.55,0.1382,2.75,0.55,22.22222222222222,WIN,2.19
194,Live,2026-05-21 13:14:22,KLAX,2026-05-21,NO,NO,73.5,,F,0.2995,0.53,0.1581,1.85,0.53,22.22222222222222,WIN,1.6
195,Live,2026-05-22 00:01:13,OPKC,2026-05-22,NO,NO,33.5,34.5,C,0.0954,0.75,0.1452,4.74,0.75,36.0,WIN,1.52
196,Live,2026-05-22 00:03:10,EHAM,2026-05-22,NO,NO,26.5,27.5,C,0.0095,0.8906,0.095,4.68,0.8905,25.0,WIN,0.55
197,Live,2026-05-22 00:06:23,EFHK,2026-05-22,NO,NO,16.5,17.5,C,0.0251,0.81,0.1572,4.74,0.81,17.0,LOSS,-4.78
198,Live,2026-05-22 00:07:19,EFHK,2026-05-22,NO,NO,15.5,16.5,C,0.0027,0.89,0.1024,4.73,0.9,17.0,WIN,0.5
199,Live,2026-05-22 03:01:03,EPWA,2026-05-22,NO,NO,20.5,21.5,C,0.0463,0.84,0.107,4.5,0.84,23.0,WIN,0.82
200,Live,2026-05-22 03:02:16,SBGR,2026-05-22,NO,NO,17.5,18.5,C,0.0323,0.8,0.1597,4.5,0.8,17.0,WIN,1.08
201,Live,2026-05-22 03:03:11,SBGR,2026-05-22,NO,NO,18.5,19.5,C,0.0021,0.89,0.103,4.5,0.89,17.0,WIN,0.53
202,Live,2026-05-22 03:07:31,SAEZ,2026-05-22,TAIL,YES,10.5,11.5,C,0.1996,0.08,0.1159,1.8,0.08,14.0,LOSS,-1.88
203,Live,2026-05-22 04:00:08,KATL,2026-05-22,TAIL,YES,,77.5,F,0.1144,0.0577,0.054,1.73,0.0576,30.555555555555557,LOSS,-1.81
204,Live,2026-05-22 04:00:14,KMIA,2026-05-22,NO,NO,89.5,91.5,F,0.1525,0.72,0.1174,4.41,0.72,31.11111111111111,WIN,1.65
205,Live,2026-05-22 05:01:33,KHOU,2026-05-22,TAIL,YES,89.5,,F,0.0842,0.0271,0.0558,1.96,0.027,32.22222222222222,WIN,70.5
206,Live,2026-05-22 05:04:09,KORD,2026-05-22,NO,NO,63.5,65.5,F,0.0635,0.81,0.1188,5.26,0.81,18.333333333333332,LOSS,-5.31
207,Live,2026-05-22 05:07:04,KLGA,2026-05-22,NO,NO,63.5,65.5,F,0.0509,0.74,0.1995,5.25,0.74,20.0,WIN,1.78
208,Live,2026-05-22 07:07:14,KSFO,2026-05-22,NO,NO,63.5,65.5,F,0.0169,0.86,0.1171,2.57,0.86,20.0,WIN,0.4
209,Live,2026-05-22 07:17:17,KSFO,2026-05-22,NO,NO,63.5,65.5,F,0.0169,0.85,0.1267,2.5,0.85,20.0,WIN,0.42
210,Live,2026-05-22 08:07:29,SAEZ,2026-05-22,NO,NO,13.5,14.5,C,0.0646,0.83,0.0983,5.07,0.83,14.0,LOSS,-5.11
211,Live,2026-05-22 09:01:21,KHOU,2026-05-22,NO,NO,89.5,,F,0.0681,0.8661,0.06,5.11,0.8655,32.22222222222222,LOSS,-5.15
212,Live,2026-05-22 09:04:23,KLAX,2026-05-22,NO,NO,63.5,65.5,F,0.015,0.927,0.0546,5.26,0.927,19.444444444444443,WIN,0.39
213,Live,2026-05-23 11:04:10,KLAX,2026-05-23,NO,NO,63.5,65.5,F,0.0215,0.899,0.075,8.06,0.899,20.0,WIN,0.87
214,Live,2026-05-23 11:04:17,KDAL,2026-05-23,NO,NO,79.5,81.5,F,0.1582,0.74,0.0922,1.17,0.74,28.88888888888889,WIN,0.4
215,Live,2026-05-23 11:04:26,KORD,2026-05-23,NO,NO,69.5,71.5,F,0.176,0.76,0.0549,8.06,0.76,,PENDING,
216,Live,2026-05-23 11:07:18,KSFO,2026-05-23,NO,NO,61.5,63.5,F,0.0153,0.8625,0.1162,8.0,0.8625,20.0,WIN,1.22
217,Live,2026-05-23 11:09:09,MMMX,2026-05-23,NO,NO,24.5,25.5,C,0.061,0.88,0.0537,8.06,0.88,27.0,WIN,1.05
218,Live,2026-05-23 13:02:08,KSEA,2026-05-23,NO,NO,65.5,67.5,F,0.0926,0.84,0.0607,8.06,0.84,,PENDING,
